Property Name	Data Type	Data Default Value	Param0 Type	Param0 Default Value	Param1 Type	Param1 Default Value	Param2 Type	Param2 Default Value	Param3 Type	Param3 Default Value
AchievementScoreProp	Integer	0	-	-	-	-	-	-	-	-
AchievementLatestKnownTimestampProp	Integer	0	-	-	-	-	-	-	-	-
AcquiredThroughMTXStoreProp	Boolean	False	-	-	-	-	-	-	-	-
ActiveMissionChapterProp	Prototype	0	-	-	-	-	-	-	-	-
AIAffixPowerToActivateProp	Prototype	0	-	-	-	-	-	-	-	-
AIAggroDropByLOSChanceProp	Real	0f	-	-	-	-	-	-	-	-
AIAggroDropRangeProp	Real	0f	-	-	-	-	-	-	-	-
AIAggroRangeAllyProp	Real	0f	-	-	-	-	-	-	-	-
AIAggroRangeHostileProp	Real	0f	-	-	-	-	-	-	-	-
AIAggroRangeOverrideAllyProp	Real	0f	-	-	-	-	-	-	-	-
AIAggroRangeOverrideHostileProp	Real	0f	-	-	-	-	-	-	-	-
AIProximityRangeOverrideProp	Real	0f	-	-	-	-	-	-	-	-
AIAggroStateProp	Boolean	False	-	-	-	-	-	-	-	-
AIAggroAnnouncementProp	Prototype	0	-	-	-	-	-	-	-	-
AIAggroTimeProp	Time	0	-	-	-	-	-	-	-	-
AIAlwaysAggroedProp	Boolean	False	-	-	-	-	-	-	-	-
AIAssistedEntityIDProp	EntityId	0	-	-	-	-	-	-	-	-
AIAssistOverrideTargetIdProp	EntityId	0	-	-	-	-	-	-	-	-
AIAttentionMarkTimeProp	Time	0	-	-	-	-	-	-	-	-
AICanFlockProp	Boolean	False	-	-	-	-	-	-	-	-
AICombatIdlingProp	Boolean	False	-	-	-	-	-	-	-	-
AIConditionTimerCompletionTimeProp	Real	0f	Integer	0	-	-	-	-	-	-
AIControlPowerLockProp	Boolean	False	-	-	-	-	-	-	-	-
AICustomOverrideStateVal1Prop	Integer	0	-	-	-	-	-	-	-	-
AICustomProtoRef1Prop	Prototype	0	-	-	-	-	-	-	-	-
AICustomStateVal1Prop	Integer	0	-	-	-	-	-	-	-	-
AICustomStateVal2Prop	Integer	0	-	-	-	-	-	-	-	-
AICustomStateVal3Prop	Integer	0	-	-	-	-	-	-	-	-
AICustomStateVal4Prop	Integer	0	-	-	-	-	-	-	-	-
AICustomEntityId1Prop	EntityId	0	-	-	-	-	-	-	-	-
AICustomEntityId2Prop	EntityId	0	-	-	-	-	-	-	-	-
AICustomEntityId3Prop	EntityId	0	-	-	-	-	-	-	-	-
AICustomEntityId4Prop	EntityId	0	-	-	-	-	-	-	-	-
AICustomThinkRateMSProp	Integer	-1	-	-	-	-	-	-	-	-
AICustomTimeVal1Prop	Time	0	-	-	-	-	-	-	-	-
AICustomTimeVal2Prop	Time	0	-	-	-	-	-	-	-	-
AIDefeatedProp	Boolean	False	-	-	-	-	-	-	-	-
AIDefeatedAtHealthPctProp	Real	-1f	-	-	-	-	-	-	-	-
AIDefaultActiveOverrideStateValProp	Integer	0	-	-	-	-	-	-	-	-
AIDelayCompletionTimeProp	Time	0	-	-	-	-	-	-	-	-
AIEnrageStateProp	Integer	0	-	-	-	-	-	-	-	-
AIEnticedToIDProp	EntityId	0	-	-	-	-	-	-	-	-
AIEnticerGlobalNextAvailableTimeProp	Time	0	-	-	-	-	-	-	-	-
AIEnticerTypeNextAvailableTimeProp	Time	0	Entity/WorldEntity.blueprint	Entity/WorldEntity.defaults	-	-	-	-	-	-
AIFlankNextThinkTimeProp	Time	0	-	-	-	-	-	-	-	-
AIFlankTimeoutProp	Time	0	-	-	-	-	-	-	-	-
AIFleeStartTimeProp	Time	0	-	-	-	-	-	-	-	-
AIFlockMinimumMoveDistSqProp	Real	0f	-	-	-	-	-	-	-	-
AIFocusTargetingIDProp	EntityId	0	-	-	-	-	-	-	-	-
AIFullOverrideProp	Prototype	0	-	-	-	-	-	-	-	-
AIHasSensedAlliesProp	Boolean	False	-	-	-	-	-	-	-	-
AIHasSensedHostilesProp	Boolean	False	-	-	-	-	-	-	-	-
AIHostilePlayersNearbyCheckRangeProp	Real	0f	-	-	-	-	-	-	-	-
AIInitialCooldownMSForPowerProp	Integer	0	Powers/Blueprints/Power.blueprint	Powers/Blueprints/Power.defaults	-	-	-	-	-	-
AIIsLeashingProp	Boolean	False	-	-	-	-	-	-	-	-
AIIgnoreNoTgtOverrideProfileProp	Boolean	False	-	-	-	-	-	-	-	-
AIInteractEntityIdProp	Prototype	0	-	-	-	-	-	-	-	-
AIInteractStartedProp	Boolean	False	-	-	-	-	-	-	-	-
AILastAttackerIDProp	EntityId	0	-	-	-	-	-	-	-	-
AILastMoveToIncompletePathETAProp	Time	0	-	-	-	-	-	-	-	-
AILastMoveToIncompletePathTimeProp	Time	0	-	-	-	-	-	-	-	-
AILastOrbitContextStateProp	Integer	0	-	-	-	-	-	-	-	-
AILastPowerActivatedProp	Prototype	0	-	-	-	-	-	-	-	-
AILeaderIDProp	EntityId	0	-	-	-	-	-	-	-	-
AILOSMaxPowerRadiusProp	Real	0f	-	-	-	-	-	-	-	-
AILostWeaponProp	Boolean	False	-	-	-	-	-	-	-	-
AIMasterAvatarProp	Boolean	False	-	-	-	-	-	-	-	-
AIMasterAvatarDbGuidProp	Guid	0	-	-	-	-	-	-	-	-
AIMoveToCurrentPathNodeIndexProp	Integer	-1	-	-	-	-	-	-	-	-
AIMoveToFollowEntityIdProp	EntityId	0	-	-	-	-	-	-	-	-
AIMoveToPathingRangeStartProp	Real	0f	-	-	-	-	-	-	-	-
AIMoveToPathingRangeEndProp	Real	0f	-	-	-	-	-	-	-	-
AIMoveToPathNodeAdvanceThresProp	Real	0f	-	-	-	-	-	-	-	-
AIMoveToPathNodeReverseProp	Boolean	False	-	-	-	-	-	-	-	-
AIMoveToPathNodeSetGroupProp	Integer	-1	-	-	-	-	-	-	-	-
AIMoveToPathNodeSetMethodProp	Integer	0	-	-	-	-	-	-	-	-
AIMoveToPathNodeWalkProp	Boolean	False	-	-	-	-	-	-	-	-
AIMoveToTypeProp	Integer	0	-	-	-	-	-	-	-	-
AINextAllySenseProp	Time	0	-	-	-	-	-	-	-	-
AINextHostileSenseProp	Time	0	-	-	-	-	-	-	-	-
AINextItemSenseProp	Time	0	-	-	-	-	-	-	-	-
AINextSensoryUpdateProp	Time	0	-	-	-	-	-	-	-	-
AINumHostileTargetsNearbyProp	Integer	0	-	-	-	-	-	-	-	-
AINumHostilePlayersNearbyProp	Integer	0	-	-	-	-	-	-	-	-
AIOldRotationOverrideProp	Integer	0	-	-	-	-	-	-	-	-
AIPartialOverrideProp	Prototype	0	-	-	-	-	-	-	-	-
AIPendingTargetIdProp	EntityId	0	-	-	-	-	-	-	-	-
AIPowerOnSpawnProp	Prototype	0	-	-	-	-	-	-	-	-
AIPowerStartedProp	Boolean	False	Powers/Blueprints/Power.blueprint	Powers/Blueprints/Power.defaults	-	-	-	-	-	-
AIPreviousOrbitDirectionProp	Integer	0	-	-	-	-	-	-	-	-
AIProceduralNextAttackTimeProp	Time	0	-	-	-	-	-	-	-	-
AIProceduralNextFlankTimeProp	Time	0	-	-	-	-	-	-	-	-
AIProceduralNextFleeTimeProp	Time	0	-	-	-	-	-	-	-	-
AIProceduralPowerPrevTargetIdProp	EntityId	0	-	-	-	-	-	-	-	-
AIProceduralPowerSpecificCDTimeProp	Time	0	Powers/Blueprints/Power.blueprint	Powers/Blueprints/Power.defaults	-	-	-	-	-	-
AIRawTargetEntityIDProp	EntityId	0	-	-	-	-	-	-	-	-
AIRotationAccumProp	Integer	0	-	-	-	-	-	-	-	-
AIRunToExitDelayFiredProp	Boolean	False	-	-	-	-	-	-	-	-
AIRunToExitWanderCountProp	Integer	0	-	-	-	-	-	-	-	-
AISendsTargetInfoToClientsProp	Boolean	False	-	-	-	-	-	-	-	-
AIStartsEnabledProp	Boolean	True	-	-	-	-	-	-	-	-
AISyncAttackTargetPowerProp	Prototype	0	-	-	-	-	-	-	-	-
AITargetableOverrideProp	Boolean	False	-	-	-	-	-	-	-	-
AIThrowCancelPowerProp	Prototype	0	-	-	-	-	-	-	-	-
AIThrowPowerProp	Prototype	0	-	-	-	-	-	-	-	-
AIThrowPowerLoopDelayProp	Time	0	Entity/Characters/Agent.blueprint	Entity/Characters/Agent.defaults	Entity/EntityKeyword.blueprint	Entity/EntityKeyword.defaults	-	-	-	-
AIThrowPowerPickupLengthProp	Time	0	Entity/Characters/Agent.blueprint	Entity/Characters/Agent.defaults	Entity/EntityKeyword.blueprint	Entity/EntityKeyword.defaults	-	-	-	-
AIThrownObjectPickedUpProp	Boolean	False	-	-	-	-	-	-	-	-
AITrackIncomingDamageProp	Real	0f	-	-	-	-	-	-	-	-
AIUltActivationPhaseProp	Integer	0	-	-	-	-	-	-	-	-
AIUseGlobalThinkVarianceProp	Boolean	True	-	-	-	-	-	-	-	-
AIUsePowerTargetIDProp	EntityId	0	-	-	-	-	-	-	-	-
AllianceOverrideProp	Prototype	0	-	-	-	-	-	-	-	-
AOESizePctModifierProp	Real	0f	-	-	-	-	-	-	-	-
AOESizePctModifierKeywordProp	Real	0f	Powers/Blueprints/PowerKeyword.blueprint	Powers/Blueprints/PowerKeyword.defaults	-	-	-	-	-	-
AOESweepDirectionCWProp	Boolean	True	-	-	-	-	-	-	-	-
AOESweepRateMSProp	Integer	500	-	-	-	-	-	-	-	-
AOESweepTickProp	Integer	-1	-	-	-	-	-	-	-	-
AppearanceEnumClientOverrideProp	Integer	0	-	-	-	-	-	-	-	-
AppearanceEnumServerProp	Integer	0	-	-	-	-	-	-	-	-
AttachedToEntityIdProp	EntityId	0	-	-	-	-	-	-	-	-
AutoPartyPrefCheckedInRegionProp	Boolean	False	Regions/Region.blueprint	Regions/Region.defaults	-	-	-	-	-	-
AvatarEmoteUnlockedProp	Boolean	False	Entity/Characters/Avatars/Avatar.blueprint	Entity/Characters/Avatars/Avatar.defaults	Powers/Blueprints/EmotePower.blueprint	Powers/Blueprints/EmotePower.defaults	-	-	-	-
AvatarInPlayProp	EntityId	0	Integer	0	-	-	-	-	-	-
AvatarIsStarterDEPRECATEDProp	Boolean	False	-	-	-	-	-	-	-	-
AvatarTeamUpAgentProp	Prototype	0	-	-	-	-	-	-	-	-
AvatarTeamUpAgentIdProp	EntityId	0	-	-	-	-	-	-	-	-
AvatarTeamUpIsSummonedProp	Boolean	False	-	-	-	-	-	-	-	-
AvatarTeamUpStartTimeProp	Time	0	-	-	-	-	-	-	-	-
AvatarTeamUpDurationProp	Time	0	-	-	-	-	-	-	-	-
AvatarLastActiveCalendarTimeProp	Time	0	-	-	-	-	-	-	-	-
AvatarLastActiveTimeProp	Time	0	-	-	-	-	-	-	-	-
AvatarLastRegionChangeTimeProp	Time	0	-	-	-	-	-	-	-	-
AvatarLibraryCostumeProp	Prototype	0	Integer	0	Entity/Characters/Avatars/Avatar.blueprint	Entity/Characters/Avatars/Avatar.defaults	-	-	-	-
AvatarLibraryLevelProp	Integer	0	Integer	0	Entity/Characters/Avatars/Avatar.blueprint	Entity/Characters/Avatars/Avatar.defaults	-	-	-	-
AvatarLibraryTeamUpProp	Prototype	0	Integer	0	Entity/Characters/Avatars/Avatar.blueprint	Entity/Characters/Avatars/Avatar.defaults	-	-	-	-
AvatarMappedPowerProp	Prototype	0	Powers/Blueprints/Power.blueprint	Powers/Blueprints/Power.defaults	-	-	-	-	-	-
AvatarMissionLootSeedProp	Integer	0	Missions/Blueprints/Mission.blueprint	Missions/Blueprints/Mission.defaults	-	-	-	-	-	-
AvatarMissionObjectiveRegionIdProp	RegionId	0	Missions/Blueprints/Mission.blueprint	Missions/Blueprints/Mission.defaults	-	-	-	-	-	-
AvatarMissionObjectiveSeqProp	Real	-1f	Missions/Blueprints/Mission.blueprint	Missions/Blueprints/Mission.defaults	-	-	-	-	-	-
AvatarMissionResetsWithRegionIdProp	RegionId	0	Missions/Blueprints/Mission.blueprint	Missions/Blueprints/Mission.defaults	-	-	-	-	-	-
AvatarMissionStateProp	Integer	0	Missions/Blueprints/Mission.blueprint	Missions/Blueprints/Mission.defaults	-	-	-	-	-	-
AvatarModeProp	Prototype	Entity/Characters/Avatars/AvatarModes/AvatarModeNormal.prototype	-	-	-	-	-	-	-	-
AvatarPowerPointsBonusProp	Integer	0	-	-	-	-	-	-	-	-
AvatarPowerUltimatePointsProp	Integer	0	-	-	-	-	-	-	-	-
AvatarPrestigeLevelProp	Integer	0	-	-	-	-	-	-	-	-
AvatarSelectSessionProp	Integer	0	-	-	-	-	-	-	-	-
AvatarSpecializationPowerProp	Boolean	False	Integer	0	Powers/Blueprints/SpecializationPower.blueprint	Powers/Blueprints/SpecializationPower.defaults	-	-	-	-
AvatarSwitchPendingProp	Boolean	False	Entity/Characters/Avatars/Avatar.blueprint	Entity/Characters/Avatars/Avatar.defaults	Integer	0	Integer	0	Integer	0
AvatarSynergySelectedProp	Boolean	False	Entity/Characters/Avatars/Avatar.blueprint	Entity/Characters/Avatars/Avatar.defaults	-	-	-	-	-	-
AvatarSynergyNewUnlockProp	Boolean	False	Entity/Characters/Avatars/Avatar.blueprint	Entity/Characters/Avatars/Avatar.defaults	-	-	-	-	-	-
AvatarTimePlayedStartProp	Time	0	-	-	-	-	-	-	-	-
AvatarTotalTimePlayedProp	Time	0	-	-	-	-	-	-	-	-
AvatarUnlockProp	Integer	0	Entity/Characters/Avatars/Avatar.blueprint	Entity/Characters/Avatars/Avatar.defaults	-	-	-	-	-	-
AvatarVanityTitleProp	Prototype	0	-	-	-	-	-	-	-	-
BlockAlwaysProp	Boolean	False	-	-	-	-	-	-	-	-
BlockChancePctAddProp	Real	0f	-	-	-	-	-	-	-	-
BlockChanceReductionPctProp	Real	0f	-	-	-	-	-	-	-	-
BlockDamageReductionPctProp	Real	0.5f	-	-	-	-	-	-	-	-
BlockDamageReductionPctModProp	Real	0f	-	-	-	-	-	-	-	-
BlockRatingBonusAddProp	Real	0f	-	-	-	-	-	-	-	-
BlockRatingBonusMultProp	Real	0f	-	-	-	-	-	-	-	-
BlockRatingBonusVsPowerKwdProp	Real	0f	Powers/Blueprints/PowerKeyword.blueprint	Powers/Blueprints/PowerKeyword.defaults	-	-	-	-	-	-
BlockRatingBonusVsAttackerKwdProp	Real	0f	Types/Keyword.blueprint	Types/Keyword.defaults	-	-	-	-	-	-
BlocksTeleportsProp	Boolean	False	-	-	-	-	-	-	-	-
BodySliderAreaRefProp	Prototype	0	-	-	-	-	-	-	-	-
BodySliderEntityIdProp	EntityId	0	-	-	-	-	-	-	-	-
BodySliderRegionIdProp	RegionId	0	-	-	-	-	-	-	-	-
BodySliderRegionPosProp	Int21Vector3	0	-	-	-	-	-	-	-	-
BodySliderRegionRefProp	Prototype	0	-	-	-	-	-	-	-	-
BodySliderDifficultyRefProp	Prototype	0	-	-	-	-	-	-	-	-
BodySliderRegionSeedProp	EntityId	0	-	-	-	-	-	-	-	-
BonusItemFindBonusDifficultyMultProp	Integer	0	-	-	-	-	-	-	-	-
BonusItemFindRatingProp	Integer	0	-	-	-	-	-	-	-	-
BonusItemFindPointsProp	Integer	0	-	-	-	-	-	-	-	-
BounceCanRepeatTargetProp	Boolean	True	-	-	-	-	-	-	-	-
BounceCountProp	Integer	0	-	-	-	-	-	-	-	-
BounceCountPayloadProp	Integer	0	-	-	-	-	-	-	-	-
BounceRangePayloadProp	Real	0f	-	-	-	-	-	-	-	-
BounceSpeedPayloadProp	Real	0f	-	-	-	-	-	-	-	-
BoundsScaleRadiusCOTUnitsPerSecProp	Real	0f	-	-	-	-	-	-	-	-
CastSpeedDecrPctProp	Real	0f	-	-	-	-	-	-	-	-
CastSpeedIncrPctProp	Real	0f	-	-	-	-	-	-	-	-
CastSpeedIncrPctKwdProp	Real	0f	Powers/Blueprints/PowerKeyword.blueprint	Powers/Blueprints/PowerKeyword.defaults	-	-	-	-	-	-
CastSpeedIncrPctTabProp	Real	0f	Entity/Items/Affixes/PowerModifierAffixes/PowerProgressionTableTabRefs/PowerProgTableTabRef.blueprint	Entity/Items/Affixes/PowerModifierAffixes/PowerProgressionTableTabRefs/PowerProgTableTabRef.defaults	Entity/Characters/Avatars/Avatar.blueprint	Entity/Characters/Avatars/Avatar.defaults	-	-	-	-
CastSpeedMultProp	Real	0f	-	-	-	-	-	-	-	-
CastSpeedMultKwdProp	Real	0f	Powers/Blueprints/PowerKeyword.blueprint	Powers/Blueprints/PowerKeyword.defaults	-	-	-	-	-	-
CastSpeedMultPowerProp	Real	0f	Powers/Blueprints/Power.blueprint	Powers/Blueprints/Power.defaults	-	-	-	-	-	-
CCAlwaysCheckResistProp	Boolean	False	-	-	-	-	-	-	-	-
CCAttackScoreProp	Integer	0	-	-	-	-	-	-	-	-
CCResistAlwaysProp	Boolean	False	Property/PropertyInfo.blueprint	Property/PropertyInfo.defaults	-	-	-	-	-	-
CCResistAlwaysAllProp	Boolean	False	-	-	-	-	-	-	-	-
CCResistScoreProp	Integer	0	Property/PropertyInfo.blueprint	Property/PropertyInfo.defaults	-	-	-	-	-	-
CCResistScoreAllProp	Integer	0	-	-	-	-	-	-	-	-
CCResistScoreKwdProp	Integer	0	Powers/Blueprints/PowerKeyword.blueprint	Powers/Blueprints/PowerKeyword.defaults	-	-	-	-	-	-
ChapterUnlockedProp	Boolean	False	StoryStructure/Blueprints/Chapter.blueprint	StoryStructure/Blueprints/Chapter.defaults	-	-	-	-	-	-
CharacterLevelProp	Integer	0	-	-	-	-	-	-	-	-
ChatOverrideMooProp	Integer	0	-	-	-	-	-	-	-	-
ClusterPrototypeProp	Prototype	0	-	-	-	-	-	-	-	-
CombatLevelProp	Integer	0	-	-	-	-	-	-	-	-
ConditionItemLevelProp	Integer	1	-	-	-	-	-	-	-	-
ConditionKillCountLimitProp	Integer	0	-	-	-	-	-	-	-	-
ConfusedProp	Boolean	False	-	-	-	-	-	-	-	-
ContextAreaRefProp	Prototype	0	-	-	-	-	-	-	-	-
ContextTrackingProp	Prototype	0	Integer	0	-	-	-	-	-	-
ControlledAgentRespawnTimeProp	Time	0	-	-	-	-	-	-	-	-
ControlledAgentHasSummonDurProp	Boolean	False	-	-	-	-	-	-	-	-
CostumeCurrentProp	Prototype	0	-	-	-	-	-	-	-	-
CostumeUnlockProp	Boolean	False	Entity/Items/Costumes/Costume.blueprint	Entity/Items/Costumes/Costume.defaults	-	-	-	-	-	-
CooldownModifierMSForKeywordProp	Integer	0	Powers/Blueprints/PowerKeyword.blueprint	Powers/Blueprints/PowerKeyword.defaults	-	-	-	-	-	-
CooldownModifierMSForPowerProp	Integer	0	Powers/Blueprints/Power.blueprint	Powers/Blueprints/Power.defaults	-	-	-	-	-	-
CooldownModifierPctForKeywordProp	Real	0f	Powers/Blueprints/PowerKeyword.blueprint	Powers/Blueprints/PowerKeyword.defaults	-	-	-	-	-	-
CooldownModifierPctForPowerProp	Real	0f	Powers/Blueprints/Power.blueprint	Powers/Blueprints/Power.defaults	-	-	-	-	-	-
CooldownModifierPctGlobalProp	Real	0f	-	-	-	-	-	-	-	-
CraftingCostCreditsModPctProp	Real	0f	-	-	-	-	-	-	-	-
CraftingIngredientAvailableProp	Integer	-1	Entity/Items/Item.blueprint	Entity/Items/Item.defaults	-	-	-	-	-	-
CreatorEntityAssetRefBaseProp	Asset	0	-	-	-	-	-	-	-	-
CreatorEntityAssetRefCurrentProp	Asset	0	-	-	-	-	-	-	-	-
CreatorPowerPrototypeProp	Prototype	0	-	-	-	-	-	-	-	-
CreatorRankProp	Prototype	0	-	-	-	-	-	-	-	-
CreditsAmountProp	Integer	0	-	-	-	-	-	-	-	-
CritAlwaysOnGotHitKeywordProp	Boolean	False	Powers/Blueprints/PowerKeyword.blueprint	Powers/Blueprints/PowerKeyword.defaults	-	-	-	-	-	-
CritAlwaysOnKeywordAttackProp	Boolean	False	Powers/Blueprints/PowerKeyword.blueprint	Powers/Blueprints/PowerKeyword.defaults	-	-	-	-	-	-
CritChancePctAddProp	Real	0f	-	-	-	-	-	-	-	-
CritChancePctAddPowerKeywordProp	Real	0f	Powers/Blueprints/PowerKeyword.blueprint	Powers/Blueprints/PowerKeyword.defaults	-	-	-	-	-	-
CritDamageMultProp	Real	0f	-	-	-	-	-	-	-	-
CritDamageRatingProp	Real	0f	-	-	-	-	-	-	-	-
CritDamagePowerMultBonusProp	Real	0f	-	-	-	-	-	-	-	-
CritRatingBonusAddProp	Real	0f	-	-	-	-	-	-	-	-
CritRatingBonusMultProp	Real	0f	-	-	-	-	-	-	-	-
CritRatingBonusAddPowerKeywordProp	Real	0f	Powers/Blueprints/PowerKeyword.blueprint	Powers/Blueprints/PowerKeyword.defaults	-	-	-	-	-	-
CritRatingBonusMultPowerKeywordProp	Real	0f	Powers/Blueprints/PowerKeyword.blueprint	Powers/Blueprints/PowerKeyword.defaults	-	-	-	-	-	-
CritRatingBonusVsTargetKeywordProp	Real	0f	Entity/EntityKeyword.blueprint	Entity/EntityKeyword.defaults	-	-	-	-	-	-
CritRatingPowerBonusAddProp	Real	0f	-	-	-	-	-	-	-	-
CritRatingPowerBonusMultProp	Real	0f	-	-	-	-	-	-	-	-
CurrencyProp	Integer	0	Entity/Items/CurrencyItems/CurrencyPrototypes/Currency.blueprint	Entity/Items/CurrencyItems/CurrencyPrototypes/Currency.defaults	-	-	-	-	-	-
CurrentCyclePowerRefProp	Prototype	0	Powers/Blueprints/Power.blueprint	Powers/Blueprints/Power.defaults	-	-	-	-	-	-
DamageProp	Real	0f	Property/DamageType.type	Physical	-	-	-	-	-	-
DamageAccumulationProp	Real	0f	Property/DamageType.type	Any	-	-	-	-	-	-
DamageAccumulationChangeProp	Real	0f	Property/DamageType.type	Any	-	-	-	-	-	-
DamageAccumulationChangeBaseProp	Real	0f	Property/DamageType.type	Any	-	-	-	-	-	-
DamageAccumulationCOTProp	Real	0f	Property/DamageType.type	Any	-	-	-	-	-	-
DamageAccumulationLimitProp	Real	0f	Property/DamageType.type	Any	-	-	-	-	-	-
DamageAccumulationLimitBonusProp	Real	0f	-	-	-	-	-	-	-	-
DamageAccumScaleByPlayersProp	Real	0f	-	-	-	-	-	-	-	-
DamageBaseProp	Curve	0f (PowerRank)	Property/DamageType.type	Physical	-	-	-	-	-	-
DamageBasePerLevelProp	Curve	0f (PowerRank)	Property/DamageType.type	Physical	-	-	-	-	-	-
DamageBaseBonusProp	Real	0f	Property/DamageType.type	Physical	-	-	-	-	-	-
DamageBasePctTargetHealthCurProp	Real	0f	Property/DamageType.type	Physical	-	-	-	-	-	-
DamageBasePctTargetHealthMaxProp	Real	0f	Property/DamageType.type	Physical	-	-	-	-	-	-
DamageBaseUnmodifiedProp	Curve	0f (PowerRank)	Property/DamageType.type	Physical	-	-	-	-	-	-
DamageBaseUnmodifiedPerRankProp	Curve	0f (CombatLevel)	Property/DamageType.type	Physical	-	-	-	-	-	-
DamageBonusReservoirProp	Real	0f	-	-	-	-	-	-	-	-
DamageBonusReservoirExclusiveProp	Prototype	0	-	-	-	-	-	-	-	-
DamageConversionForPowerProp	Real	0f	Property/DamageType.type	Any	Property/PropertyInfo.blueprint	Property/PropertyInfo.defaults	Integer	0	-	-
DamageConversionIncomingProp	Real	0f	Property/DamageType.type	Any	Property/PropertyInfo.blueprint	Property/PropertyInfo.defaults	Integer	1	-	-
DamageConversionMaxProp	Real	0f	Property/PropertyInfo.blueprint	Property/PropertyInfo.defaults	-	-	-	-	-	-
DamageConversionMaxForPowerProp	Real	0f	Property/PropertyInfo.blueprint	Property/PropertyInfo.defaults	-	-	-	-	-	-
DamageConversionOutgoingProp	Real	0f	Property/DamageType.type	Any	Property/PropertyInfo.blueprint	Property/PropertyInfo.defaults	Integer	0	-	-
DamageConversionRatioProp	Real	0f	Property/PropertyInfo.blueprint	Property/PropertyInfo.defaults	-	-	-	-	-	-
DamageConversionRatioForPowerProp	Real	0f	Property/PropertyInfo.blueprint	Property/PropertyInfo.defaults	-	-	-	-	-	-
DamageConvertToConditionProp	Real	0f	Property/DamageType.type	Any	Property/PropertyInfo.blueprint	Property/PropertyInfo.defaults	Integer	1	-	-
DamageIgnoreFromAllianceProp	Prototype	0	-	-	-	-	-	-	-	-
DamageIncomingProp	Real	0f	Property/DamageType.type	Physical	-	-	-	-	-	-
DamageMagnitudeProp	Real	1f	-	-	-	-	-	-	-	-
DamageMetaGameBossPenetrationProp	Real	0f	-	-	-	-	-	-	-	-
DamageMetaGameBossResistanceProp	Real	0f	-	-	-	-	-	-	-	-
DamageOverTimeBaseProp	Curve	0f (PowerRank)	Property/DamageType.type	Physical	-	-	-	-	-	-
DamageOverTimeBasePerLevelProp	Curve	0f (PowerRank)	Property/DamageType.type	Physical	-	-	-	-	-	-
DamageOverTimeBaseBonusProp	Real	0f	Property/DamageType.type	Physical	-	-	-	-	-	-
DamageOverTimeBaseUnmodifiedProp	Curve	0f (PowerRank)	Property/DamageType.type	Physical	-	-	-	-	-	-
DamageOverTimeBaseUnmodPerRankProp	Curve	0f (CombatLevel)	Property/DamageType.type	Physical	-	-	-	-	-	-
DamageOverTimeMagnitudeProp	Real	1f	-	-	-	-	-	-	-	-
DamageOverTimePctTargetHealthMaxProp	Real	0f	Property/DamageType.type	Physical	-	-	-	-	-	-
DamageOverTimeVarianceProp	Real	0f	-	-	-	-	-	-	-	-
DamageMultProp	Real	0f	-	-	-	-	-	-	-	-
DamageMultForPowerProp	Real	0f	Powers/Blueprints/Power.blueprint	Powers/Blueprints/Power.defaults	-	-	-	-	-	-
DamageMultForPowerKeywordProp	Real	0f	Powers/Blueprints/PowerKeyword.blueprint	Powers/Blueprints/PowerKeyword.defaults	-	-	-	-	-	-
DamageMultOnPowerProp	Real	0f	-	-	-	-	-	-	-	-
DamageMultPowerCdKwdProp	Real	0f	Powers/Blueprints/PowerKeyword.blueprint	Powers/Blueprints/PowerKeyword.defaults	-	-	-	-	-	-
DamageMultVsKeywordProp	Real	0f	Types/Keyword.blueprint	Types/Keyword.defaults	-	-	-	-	-	-
DamageMultVsKeywordForPowerKwdProp	Real	0f	Types/Keyword.blueprint	Types/Keyword.defaults	Powers/Blueprints/PowerKeyword.blueprint	Powers/Blueprints/PowerKeyword.defaults	-	-	-	-
DamageMultVsRankProp	Real	0f	Mods/Ranks/Rank.blueprint	Mods/Ranks/Rank.defaults	-	-	-	-	-	-
DamagePctBonusProp	Real	0f	-	-	-	-	-	-	-	-
DamagePctBonusByTypeProp	Real	0f	Property/DamageType.type	Physical	-	-	-	-	-	-
DamagePctBonusDistanceCloseProp	Real	0f	-	-	-	-	-	-	-	-
DamagePctBonusDistanceFarProp	Real	0f	-	-	-	-	-	-	-	-
DamagePctBonusForPowerProp	Real	0f	Powers/Blueprints/Power.blueprint	Powers/Blueprints/Power.defaults	-	-	-	-	-	-
DamagePctBonusForPowerKeywordProp	Real	0f	Powers/Blueprints/PowerKeyword.blueprint	Powers/Blueprints/PowerKeyword.defaults	-	-	-	-	-	-
DamagePctBonusVsAggroedProp	Real	0f	-	-	-	-	-	-	-	-
DamagePctBonusVsBossesProp	Real	0f	-	-	-	-	-	-	-	-
DamagePctBonusVsConditionKeywordProp	Real	0f	Types/Keyword.blueprint	Types/Keyword.defaults	-	-	-	-	-	-
DamagePctBonusVsRankProp	Real	0f	Mods/Ranks/Rank.blueprint	Mods/Ranks/Rank.defaults	-	-	-	-	-	-
DamagePctBonusVsUnawareProp	Real	0f	-	-	-	-	-	-	-	-
DamagePctResistProp	Real	0f	Property/DamageType.type	Any	-	-	-	-	-	-
DamagePctResistFromAngleProp	Real	0f	Integer	0	-	-	-	-	-	-
DamagePctResistFromDistanceProp	Real	0f	Integer	0	-	-	-	-	-	-
DamagePctResistFromGearProp	Real	0f	Property/DamageType.type	Physical	-	-	-	-	-	-
DamagePctResistVsPowerProp	Real	0f	Powers/Blueprints/Power.blueprint	Powers/Blueprints/Power.defaults	-	-	-	-	-	-
DamagePctResistVsPowerKeywordProp	Real	0f	Powers/Blueprints/PowerKeyword.blueprint	Powers/Blueprints/PowerKeyword.defaults	-	-	-	-	-	-
DamagePctResistVsRankProp	Real	0f	Mods/Ranks/Rank.blueprint	Mods/Ranks/Rank.defaults	-	-	-	-	-	-
DamagePctVulnerabilityProp	Real	0f	Property/DamageType.type	Any	-	-	-	-	-	-
DamagePctVulnerabilityVsPowerProp	Real	0f	Powers/Blueprints/Power.blueprint	Powers/Blueprints/Power.defaults	-	-	-	-	-	-
DamagePctVulnerabilityVsPowerKwdProp	Real	0f	Powers/Blueprints/PowerKeyword.blueprint	Powers/Blueprints/PowerKeyword.defaults	-	-	-	-	-	-
DamagePctVulnerabilityPvPProp	Real	0f	-	-	-	-	-	-	-	-
DamagePctWeakenProp	Real	0f	-	-	-	-	-	-	-	-
DamagePctWeakenForPowerKeywordProp	Real	0f	Powers/Blueprints/PowerKeyword.blueprint	Powers/Blueprints/PowerKeyword.defaults	-	-	-	-	-	-
DamagePctWeakenVsKeywordProp	Real	0f	Types/Keyword.blueprint	Types/Keyword.defaults	-	-	-	-	-	-
DamageRatingProp	Real	0f	-	-	-	-	-	-	-	-
DamageRatingBonusByTypeProp	Real	0f	Property/DamageType.type	Physical	-	-	-	-	-	-
DamageRatingBonusHardcoreProp	Real	0f	-	-	-	-	-	-	-	-
DamageRatingBonusMvmtSpeedProp	Real	0f	-	-	-	-	-	-	-	-
DamageRatingBonusWithinDistProp	Real	0f	Integer	0	-	-	-	-	-	-
DamageRatingBonusForPowerProp	Real	0f	Powers/Blueprints/Power.blueprint	Powers/Blueprints/Power.defaults	-	-	-	-	-	-
DamageRatingBonusForPowerVsTargetProp	Real	0f	Powers/Blueprints/Power.blueprint	Powers/Blueprints/Power.defaults	-	-	-	-	-	-
DamageRatingBonusForPowerKeywordProp	Real	0f	Powers/Blueprints/PowerKeyword.blueprint	Powers/Blueprints/PowerKeyword.defaults	-	-	-	-	-	-
DamageRatingBonusForPowerKeywordVsTargetProp	Real	0f	Powers/Blueprints/PowerKeyword.blueprint	Powers/Blueprints/PowerKeyword.defaults	-	-	-	-	-	-
DamageRatingBonusPerPvPKillProp	Real	0f	-	-	-	-	-	-	-	-
DamageRatingBonusVsAggroedProp	Real	0f	-	-	-	-	-	-	-	-
DamageRatingBonusVsBossesProp	Real	0f	-	-	-	-	-	-	-	-
DamageRatingBonusVsConditionKeywordProp	Real	0f	Types/Keyword.blueprint	Types/Keyword.defaults	-	-	-	-	-	-
DamageRatingBonusVsRankProp	Real	0f	Mods/Ranks/Rank.blueprint	Mods/Ranks/Rank.defaults	-	-	-	-	-	-
DamageRatingBonusVsUnawareProp	Real	0f	-	-	-	-	-	-	-	-
DamageReductionPctFromGearProp	Real	0f	-	-	-	-	-	-	-	-
DamageRegionMobToPlayerProp	Real	1f	-	-	-	-	-	-	-	-
DamageRegionPlayerToMobProp	Real	1f	-	-	-	-	-	-	-	-
DamageShieldNumHitLimitProp	Integer	-1	Property/DamageType.type	Any	-	-	-	-	-	-
DamageShieldPercentProp	Real	0f	Property/DamageType.type	Any	-	-	-	-	-	-
DamageShieldRegensFromDamageProp	Boolean	False	Property/DamageType.type	Any	-	-	-	-	-	-
DamageShieldRemoveWhenExpiredProp	Boolean	True	-	-	-	-	-	-	-	-
DamageShieldScaleByStatProp	Real	0f	Property/PropertyInfo.blueprint	Property/PropertyInfo.defaults	-	-	-	-	-	-
DamageSplitBetweenTargetsProp	Boolean	False	-	-	-	-	-	-	-	-
DamageTransferChanceProp	Real	0f	-	-	-	-	-	-	-	-
DamageTransferIDProp	EntityId	0	-	-	-	-	-	-	-	-
DamageTransferMaxProp	Real	0f	-	-	-	-	-	-	-	-
DamageTransferPctProp	Real	0f	-	-	-	-	-	-	-	-
DamageVarianceProp	Real	0f	-	-	-	-	-	-	-	-
DangerRoomScenarioItemDbGuidProp	Guid	0	-	-	-	-	-	-	-	-
DeathLimitOverrideProp	Integer	-1	-	-	-	-	-	-	-	-
DEBUGFakePartyMemberProp	Boolean	False	-	-	-	-	-	-	-	-
DefenseProp	Real	0f	Property/DamageType.type	Physical	-	-	-	-	-	-
DefenseChangePercentProp	Real	0f	Property/DamageType.type	Any	-	-	-	-	-	-
DefensePenetrationProp	Real	0f	Property/DamageType.type	Physical	-	-	-	-	-	-
DefensePenetrationKwdProp	Real	0f	Property/DamageType.type	Any	Powers/Blueprints/PowerKeyword.blueprint	Powers/Blueprints/PowerKeyword.defaults	-	-	-	-
DefensePenetrationPctProp	Real	0f	Property/DamageType.type	Any	-	-	-	-	-	-
DefensePenetrationPctKwdProp	Real	0f	Property/DamageType.type	Any	Powers/Blueprints/PowerKeyword.blueprint	Powers/Blueprints/PowerKeyword.defaults	-	-	-	-
DestinationAreaProp	Prototype	0	-	-	-	-	-	-	-	-
DestinationCellProp	Asset	0	-	-	-	-	-	-	-	-
DestinationEntityProp	Prototype	0	-	-	-	-	-	-	-	-
DestinationRegionProp	Prototype	0	-	-	-	-	-	-	-	-
DetachOnContainerDestroyedProp	Boolean	False	-	-	-	-	-	-	-	-
DifficultyIndexProp	Integer	0	-	-	-	-	-	-	-	-
DifficultyTierProp	Prototype	0	-	-	-	-	-	-	-	-
DifficultyTierPreferenceProp	Prototype	Difficulty/Tiers/Tier1Normal.prototype	-	-	-	-	-	-	-	-
DisableClientConditionFXProp	Boolean	False	-	-	-	-	-	-	-	-
DisableEnduranceGainProp	Boolean	False	Entity/Characters/Avatars/ManaBehaviors/ManaType.type	Type1	-	-	-	-	-	-
DisableEnduranceRegenProp	Boolean	False	Entity/Characters/Avatars/ManaBehaviors/ManaType.type	Type1	-	-	-	-	-	-
DisableEnduranceUsageProp	Boolean	False	Entity/Characters/Avatars/ManaBehaviors/ManaType.type	Type1	-	-	-	-	-	-
DisableHealthGainProp	Boolean	False	-	-	-	-	-	-	-	-
DisablePowerEffectsProp	Boolean	False	Powers/Blueprints/Power.blueprint	Powers/Blueprints/Power.defaults	-	-	-	-	-	-
DisableSecondaryResourceGainProp	Boolean	False	-	-	-	-	-	-	-	-
DisplayNameOverrideProp	EntityId	0	-	-	-	-	-	-	-	-
DodgeChancePctProp	Real	0f	-	-	-	-	-	-	-	-
DodgeChancePctVsPowerKeywordProp	Real	0f	Powers/Blueprints/PowerKeyword.blueprint	Powers/Blueprints/PowerKeyword.defaults	-	-	-	-	-	-
DodgeRatingBonusAddProp	Real	0f	-	-	-	-	-	-	-	-
DodgeRatingBonusMultProp	Real	0f	-	-	-	-	-	-	-	-
DontTriggerOtherProcsProp	Boolean	False	Powers/Types/ProcTriggerType.type	None	-	-	-	-	-	-
DontTriggerOtherPowerEventsProp	Boolean	False	Powers/Types/PowerEventType.type	OnTargetKill	-	-	-	-	-	-
DormantProp	Boolean	False	-	-	-	-	-	-	-	-
DramaticEntrancePlayedOnceProp	Boolean	False	-	-	-	-	-	-	-	-
DroppedByPlayerIdProp	EntityId	0	-	-	-	-	-	-	-	-
EnabledProp	Boolean	True	-	-	-	-	-	-	-	-
EncounterResourceProp	Prototype	0	-	-	-	-	-	-	-	-
EndlessLevelProp	Integer	0	-	-	-	-	-	-	-	-
EndlessLevelDeathCountProp	Integer	0	-	-	-	-	-	-	-	-
EndlessLevelStartTimeProp	Time	0	-	-	-	-	-	-	-	-
EndlessLevelsTotalProp	Integer	0	-	-	-	-	-	-	-	-
EnduranceProp	Real	0f	Entity/Characters/Avatars/ManaBehaviors/ManaType.type	Type1	-	-	-	-	-	-
EnduranceAddBonusProp	Real	0f	Entity/Characters/Avatars/ManaBehaviors/ManaType.type	TypeAll	-	-	-	-	-	-
EnduranceBaseProp	Real	0f	Entity/Characters/Avatars/ManaBehaviors/ManaType.type	Type1	-	-	-	-	-	-
EnduranceChangeProp	Real	0f	Entity/Characters/Avatars/ManaBehaviors/ManaType.type	Type1	-	-	-	-	-	-
EnduranceChangeBaseProp	Real	0f	Entity/Characters/Avatars/ManaBehaviors/ManaType.type	TypeAll	-	-	-	-	-	-
EnduranceChangePctProp	Real	0f	Entity/Characters/Avatars/ManaBehaviors/ManaType.type	TypeAll	-	-	-	-	-	-
EnduranceCostProp	Curve	0f (PowerRank)	Entity/Characters/Avatars/ManaBehaviors/ManaType.type	Type1	-	-	-	-	-	-
EnduranceCostAllRemainingProp	Boolean	False	Entity/Characters/Avatars/ManaBehaviors/ManaType.type	TypeAll	-	-	-	-	-	-
EnduranceCostChangePctProp	Real	0f	Entity/Characters/Avatars/ManaBehaviors/ManaType.type	TypeAll	-	-	-	-	-	-
EnduranceCostChangePctKeywrdProp	Real	0f	Entity/Characters/Avatars/ManaBehaviors/ManaType.type	TypeAll	Powers/Blueprints/PowerKeyword.blueprint	Powers/Blueprints/PowerKeyword.defaults	-	-	-	-
EnduranceCostChangePctTabProp	Real	0f	Entity/Items/Affixes/PowerModifierAffixes/PowerProgressionTableTabRefs/PowerProgTableTabRef.blueprint	Entity/Items/Affixes/PowerModifierAffixes/PowerProgressionTableTabRefs/PowerProgTableTabRef.defaults	Entity/Characters/Avatars/Avatar.blueprint	Entity/Characters/Avatars/Avatar.defaults	-	-	-	-
EnduranceCostChangePctOverrideProp	Real	-1f	Entity/Characters/Avatars/ManaBehaviors/ManaType.type	TypeAll	-	-	-	-	-	-
EnduranceCostRequiredProp	Boolean	True	-	-	-	-	-	-	-	-
EnduranceCOTBaseProp	Real	0f	Entity/Characters/Avatars/ManaBehaviors/ManaType.type	TypeAll	-	-	-	-	-	-
EnduranceCOTMagnitudeProp	Real	1f	Entity/Characters/Avatars/ManaBehaviors/ManaType.type	TypeAll	-	-	-	-	-	-
EnduranceCOTPctBaseProp	Real	0f	Entity/Characters/Avatars/ManaBehaviors/ManaType.type	TypeAll	-	-	-	-	-	-
EnduranceCOTVarianceProp	Real	0f	Entity/Characters/Avatars/ManaBehaviors/ManaType.type	TypeAll	-	-	-	-	-	-
EnduranceMaxProp	Real	0f	Entity/Characters/Avatars/ManaBehaviors/ManaType.type	Type1	-	-	-	-	-	-
EnduranceMaxOtherProp	Real	0f	Entity/Characters/Avatars/ManaBehaviors/ManaType.type	Type1	-	-	-	-	-	-
EnduranceOnHitAccumulationProp	Real	0f	-	-	-	-	-	-	-	-
EnduranceOverTimePerSecProp	Real	0f	Entity/Characters/Avatars/ManaBehaviors/ManaType.type	Type1	-	-	-	-	-	-
EnduranceOverTimePerSecPctProp	Real	0f	Entity/Characters/Avatars/ManaBehaviors/ManaType.type	Type1	-	-	-	-	-	-
EndurancePctBonusProp	Real	0f	Entity/Characters/Avatars/ManaBehaviors/ManaType.type	Type1	-	-	-	-	-	-
EnemyBoostProp	Boolean	False	Mods/MobAffixes/EnemyBoost.blueprint	Mods/MobAffixes/EnemyBoost.defaults	-	-	-	-	-	-
EnrageStartTimeProp	Time	-1	-	-	-	-	-	-	-	-
EntityStateProp	Prototype	0	-	-	-	-	-	-	-	-
EntSelActTypesSupportedProp	Integer	0	-	-	-	-	-	-	-	-
EntSelActReactTimeMSProp	Integer	-1	Entity/Types/EntitySelectorActionEventType.type	None	Populations/Blueprints/EntitySelector/EntitySelectorAction.blueprint	Populations/Blueprints/EntitySelector/EntitySelectorAction.defaults	Integer	0	-	-
EntSelActLifespanEndPowerProp	Prototype	0	Entity/Types/EntitySelectorActionEventType.type	None	Populations/Blueprints/EntitySelector/EntitySelectorAction.blueprint	Populations/Blueprints/EntitySelector/EntitySelectorAction.defaults	Integer	0	-	-
EntSelActLifespanMSProp	Integer	0	Entity/Types/EntitySelectorActionEventType.type	None	Populations/Blueprints/EntitySelector/EntitySelectorAction.blueprint	Populations/Blueprints/EntitySelector/EntitySelectorAction.defaults	Integer	0	-	-
EntSelActOverheadTextProp	Prototype	0	Entity/Types/EntitySelectorActionEventType.type	None	Populations/Blueprints/EntitySelector/EntitySelectorAction.blueprint	Populations/Blueprints/EntitySelector/EntitySelectorAction.defaults	Integer	0	-	-
EntSelActOverheadTextDelayProp	Integer	0	Entity/Types/EntitySelectorActionEventType.type	None	Populations/Blueprints/EntitySelector/EntitySelectorAction.blueprint	Populations/Blueprints/EntitySelector/EntitySelectorAction.defaults	Integer	0	-	-
EntSelActAttributeActionProp	Integer	0	Entity/Types/EntitySelectorActionEventType.type	None	Populations/Blueprints/EntitySelector/EntitySelectorAction.blueprint	Populations/Blueprints/EntitySelector/EntitySelectorAction.defaults	Integer	0	-	-
EntSelActPowerProp	Prototype	0	Entity/Types/EntitySelectorActionEventType.type	None	Populations/Blueprints/EntitySelector/EntitySelectorAction.blueprint	Populations/Blueprints/EntitySelector/EntitySelectorAction.defaults	Integer	0	-	-
EntSelActPowerCancelProp	Boolean	False	Entity/Types/EntitySelectorActionEventType.type	None	Populations/Blueprints/EntitySelector/EntitySelectorAction.blueprint	Populations/Blueprints/EntitySelector/EntitySelectorAction.defaults	Integer	0	-	-
EntSelActSelectorPowersCanclProp	Boolean	False	Entity/Types/EntitySelectorActionEventType.type	None	Populations/Blueprints/EntitySelector/EntitySelectorAction.blueprint	Populations/Blueprints/EntitySelector/EntitySelectorAction.defaults	Integer	0	-	-
EntSelActAIOverrideProp	Prototype	0	Entity/Types/EntitySelectorActionEventType.type	None	Populations/Blueprints/EntitySelector/EntitySelectorAction.blueprint	Populations/Blueprints/EntitySelector/EntitySelectorAction.defaults	Integer	0	-	-
EntSelActAIOverrideCancelProp	Boolean	False	Entity/Types/EntitySelectorActionEventType.type	None	Populations/Blueprints/EntitySelector/EntitySelectorAction.blueprint	Populations/Blueprints/EntitySelector/EntitySelectorAction.defaults	Integer	0	-	-
EntSelActAIAggDistOvrdAllyProp	Integer	0	Entity/Types/EntitySelectorActionEventType.type	None	Populations/Blueprints/EntitySelector/EntitySelectorAction.blueprint	Populations/Blueprints/EntitySelector/EntitySelectorAction.defaults	Integer	0	-	-
EntSelActAIAggDistOvrdEnemyProp	Integer	0	Entity/Types/EntitySelectorActionEventType.type	None	Populations/Blueprints/EntitySelector/EntitySelectorAction.blueprint	Populations/Blueprints/EntitySelector/EntitySelectorAction.defaults	Integer	0	-	-
EntSelActAIProximityDistProp	Integer	0	Entity/Types/EntitySelectorActionEventType.type	None	Populations/Blueprints/EntitySelector/EntitySelectorAction.blueprint	Populations/Blueprints/EntitySelector/EntitySelectorAction.defaults	Integer	0	-	-
EntSelActRewardLootTableProp	Prototype	0	Entity/Types/EntitySelectorActionEventType.type	None	Populations/Blueprints/EntitySelector/EntitySelectorAction.blueprint	Populations/Blueprints/EntitySelector/EntitySelectorAction.defaults	Integer	0	-	-
EntSelActSpawnTriggerProp	Prototype	0	Entity/Types/EntitySelectorActionEventType.type	None	Populations/Blueprints/EntitySelector/EntitySelectorAction.blueprint	Populations/Blueprints/EntitySelector/EntitySelectorAction.defaults	Integer	0	-	-
EntSelActAllianceOverrideProp	Prototype	0	Entity/Types/EntitySelectorActionEventType.type	None	Populations/Blueprints/EntitySelector/EntitySelectorAction.blueprint	Populations/Blueprints/EntitySelector/EntitySelectorAction.defaults	Integer	0	-	-
EntSelActEventBroadcastProp	Prototype	0	Entity/Types/EntitySelectorActionEventType.type	None	Populations/Blueprints/EntitySelector/EntitySelectorAction.blueprint	Populations/Blueprints/EntitySelector/EntitySelectorAction.defaults	Integer	0	-	-
EntSelActHasInteractOptionProp	Boolean	False	-	-	-	-	-	-	-	-
EntSelActInteractOptDisabledProp	Boolean	False	-	-	-	-	-	-	-	-
EntSelActScriptTriggerProp	Boolean	False	Entity/Types/EntitySelectorActionEventType.type	None	Populations/Blueprints/EntitySelector/EntityActionTimelineScript.blueprint	Populations/Blueprints/EntitySelector/EntityActionTimelineScript.defaults	-	-	-	-
EntSelActScriptCancelProp	Boolean	False	Entity/Types/EntitySelectorActionEventType.type	None	Populations/Blueprints/EntitySelector/EntityActionTimelineScript.blueprint	Populations/Blueprints/EntitySelector/EntityActionTimelineScript.defaults	-	-	-	-
EntSelActScriptInterruptProp	Boolean	False	Entity/Types/EntitySelectorActionEventType.type	None	Populations/Blueprints/EntitySelector/EntityActionTimelineScript.blueprint	Populations/Blueprints/EntitySelector/EntityActionTimelineScript.defaults	-	-	-	-
EvalLoopVarProtoRefProp	Prototype	0	Integer	0	-	-	-	-	-	-
EvalRegisterFloatProp	Real	0f	Integer	0	-	-	-	-	-	-
EvalRegisterIntProp	Integer	0	Integer	0	-	-	-	-	-	-
ExperienceAwardMinimumPctProp	Real	0f	-	-	-	-	-	-	-	-
ExperiencePointsProp	Integer	0	-	-	-	-	-	-	-	-
ExperiencePointsNeededProp	Integer	0	-	-	-	-	-	-	-	-
ExperienceBonusAvatarSynergyProp	Real	0f	-	-	-	-	-	-	-	-
ExperienceBonusPctProp	Real	0f	-	-	-	-	-	-	-	-
ExperienceBonusPerKillProp	Integer	0	-	-	-	-	-	-	-	-
ExperienceBonusPerKillMaxPctProp	Real	0f	-	-	-	-	-	-	-	-
ExperienceBonusStackCountProp	Integer	0	Powers/Blueprints/Power.blueprint	Powers/Blueprints/Power.defaults	-	-	-	-	-	-
ExperienceBonusStackingMultProp	Real	0f	Powers/Blueprints/Power.blueprint	Powers/Blueprints/Power.defaults	-	-	-	-	-	-
ExperimentCohortAssignmentProp	Prototype	0	Metrics/Experiments/CohortExperiment.blueprint	Metrics/Experiments/CohortExperiment.defaults	-	-	-	-	-	-
FactionProp	Prototype	0	-	-	-	-	-	-	-	-
FactionDBProp	Prototype	0	-	-	-	-	-	-	-	-
FearedProp	Boolean	False	AI/ProceduralAI/Blueprints/Profiles/Overrides/PowerOverrides/ProceduralProfileFearOverride.blueprint	AI/ProceduralAI/Blueprints/Profiles/Overrides/PowerOverrides/ProceduralProfileFearOverride.defaults	-	-	-	-	-	-
FocusTargetedOnByIDProp	EntityId	0	-	-	-	-	-	-	-	-
ForceEnduranceRegenProp	Boolean	False	Entity/Characters/Avatars/ManaBehaviors/ManaType.type	Type1	-	-	-	-	-	-
FullScreenMoviePlayingProp	Boolean	False	-	-	-	-	-	-	-	-
FullScreenMovieQueuedProp	Boolean	False	FullscreenMovies/Movie.blueprint	FullscreenMovies/Movie.defaults	-	-	-	-	-	-
FullScreenMovieSessionProp	Integer	0	-	-	-	-	-	-	-	-
GlobalEventContributionScoreProp	Integer	0	Events/GlobalEvents/Blueprints/GlobalEvent.blueprint	Events/GlobalEvents/Blueprints/GlobalEvent.defaults	-	-	-	-	-	-
GracePeriodProp	Boolean	False	-	-	-	-	-	-	-	-
GuildsUnlockedProp	Boolean	False	-	-	-	-	-	-	-	-
HasPowerKeywordProp	Boolean	False	Powers/Blueprints/PowerKeyword.blueprint	Powers/Blueprints/PowerKeyword.defaults	-	-	-	-	-	-
HasResurrectPendingProp	Boolean	False	-	-	-	-	-	-	-	-
HasSeenOpeningCinematicProp	Boolean	False	-	-	-	-	-	-	-	-
HasPlayedGameModeProp	Boolean	False	Metagame/Blueprints/GameMode.blueprint	Metagame/Blueprints/GameMode.defaults	-	-	-	-	-	-
HasUsedFreeUnlockDEPRECATEDProp	Boolean	False	-	-	-	-	-	-	-	-
HealerNPCProp	Boolean	False	-	-	-	-	-	-	-	-
HealingProp	Real	0f	-	-	-	-	-	-	-	-
HealingBaseProp	Real	0f	-	-	-	-	-	-	-	-
HealingBaseCurveProp	Curve	0f (PowerRank)	-	-	-	-	-	-	-	-
HealingBasePctProp	Curve	0f (PowerRank)	-	-	-	-	-	-	-	-
HealingBlockedProp	Boolean	False	-	-	-	-	-	-	-	-
HealingMagnitudeProp	Real	1f	-	-	-	-	-	-	-	-
HealthOnHitAccumulationProp	Real	0f	-	-	-	-	-	-	-	-
HealingOverTimeBaseProp	Real	0f	-	-	-	-	-	-	-	-
HealingOverTimeBasePctProp	Real	0f	-	-	-	-	-	-	-	-
HealingOverTimePerSecondProp	Real	0f	-	-	-	-	-	-	-	-
HealingOverTimePerSecondPctProp	Real	0f	-	-	-	-	-	-	-	-
HealingOverTimeMagnitudeProp	Real	1f	-	-	-	-	-	-	-	-
HealingOverTimeVarianceProp	Real	0f	-	-	-	-	-	-	-	-
HealingReceivedMultProp	Real	0f	-	-	-	-	-	-	-	-
HealingReceivedMultPowerKeywordProp	Real	0f	Powers/Blueprints/PowerKeyword.blueprint	Powers/Blueprints/PowerKeyword.defaults	-	-	-	-	-	-
HealingVarianceProp	Real	0f	-	-	-	-	-	-	-	-
HealthProp	Integer	0	-	-	-	-	-	-	-	-
HealthAddBonusProp	Integer	0	-	-	-	-	-	-	-	-
HealthBaseProp	Curve	0f (CombatLevel)	-	-	-	-	-	-	-	-
PowerHealthCostOverTimeProp	Real	0f	-	-	-	-	-	-	-	-
HealthMaxProp	Integer	0	-	-	-	-	-	-	-	-
HealthMaxMagnitudeProp	Real	1f	-	-	-	-	-	-	-	-
HealthMaxMagnitudeDCLProp	Real	1f	-	-	-	-	-	-	-	-
HealthMaxMultProp	Real	1f	-	-	-	-	-	-	-	-
HealthMaxOtherProp	Integer	0	-	-	-	-	-	-	-	-
HealthMinProp	Integer	0	-	-	-	-	-	-	-	-
HealthPctBonusProp	Real	0f	-	-	-	-	-	-	-	-
HighlightPowerWithKeywordProp	Boolean	False	Powers/Blueprints/PowerKeyword.blueprint	Powers/Blueprints/PowerKeyword.defaults	-	-	-	-	-	-
HitReactProp	Boolean	False	-	-	-	-	-	-	-	-
HotspotTriggerEntityProp	EntityId	0	Integer	0	-	-	-	-	-	-
IgnoreClientsideVisibilityProp	Boolean	False	-	-	-	-	-	-	-	-
IgnoreMissionOwnerForTargetingProp	Boolean	False	-	-	-	-	-	-	-	-
IgnoreNegativeStatusResistProp	Boolean	False	-	-	-	-	-	-	-	-
ImmobilizedProp	Boolean	False	Integer	0	-	-	-	-	-	-
ImmobilizedByHitReactProp	Boolean	False	-	-	-	-	-	-	-	-
ImmuneToConditionWithKwdProp	Boolean	False	Types/Keyword.blueprint	Types/Keyword.defaults	-	-	-	-	-	-
ImmuneToPowerProp	Boolean	False	Powers/Blueprints/Power.blueprint	Powers/Blueprints/Power.defaults	-	-	-	-	-	-
IntangibleProp	Boolean	False	-	-	-	-	-	-	-	-
InventoryExtraSlotsAvailableProp	Integer	0	Entity/Inventory/SoftCapacity/InventoryExtraSlotsGroup.blueprint	Entity/Inventory/SoftCapacity/InventoryExtraSlotsGroup.defaults	-	-	-	-	-	-
LookForPartyOptionsProp	Integer	0	-	-	-	-	-	-	-	-
OmegaRankProp	Integer	0	Mods/Blueprints/OmegaBonus.blueprint	Mods/Blueprints/OmegaBonus.defaults	-	-	-	-	-	-
OmegaRankTempProp	Integer	-1	Mods/Blueprints/OmegaBonus.blueprint	Mods/Blueprints/OmegaBonus.defaults	-	-	-	-	-	-
OmegaSpecProp	Integer	0	Integer	0	Mods/Blueprints/OmegaBonus.blueprint	Mods/Blueprints/OmegaBonus.defaults	-	-	-	-
OmegaSpecTempProp	Integer	-1	Integer	0	Mods/Blueprints/OmegaBonus.blueprint	Mods/Blueprints/OmegaBonus.defaults	-	-	-	-
OmegaXPProp	Integer	0	-	-	-	-	-	-	-	-
OmegaPointsProp	Integer	0	-	-	-	-	-	-	-	-
OmegaPointsSpentProp	Integer	0	-	-	-	-	-	-	-	-
OmegaRespecResultProp	Integer	-1	Integer	0	Mods/Blueprints/OmegaBonusSet.blueprint	Mods/Blueprints/OmegaBonusSet.defaults	-	-	-	-
InfinityGemBonusRankProp	Integer	0	Mods/Blueprints/InfinityGemBonus.blueprint	Mods/Blueprints/InfinityGemBonus.defaults	-	-	-	-	-	-
InfinityGemBonusRankTempProp	Integer	-1	Mods/Blueprints/InfinityGemBonus.blueprint	Mods/Blueprints/InfinityGemBonus.defaults	-	-	-	-	-	-
InfinityGemNextProp	Integer	0	-	-	-	-	-	-	-	-
InfinityPointsProp	Integer	0	Types/InfinityGem.type	None	-	-	-	-	-	-
InfinityPointsSpentProp	Integer	0	Mods/Blueprints/InfinityGemBonus.blueprint	Mods/Blueprints/InfinityGemBonus.defaults	-	-	-	-	-	-
InfinityPointsSpentTempProp	Integer	-1	Mods/Blueprints/InfinityGemBonus.blueprint	Mods/Blueprints/InfinityGemBonus.defaults	-	-	-	-	-	-
InfinityXPProp	Integer	0	-	-	-	-	-	-	-	-
InformsHitInfoToAllyProp	Boolean	False	-	-	-	-	-	-	-	-
InformsHitInfoToAllyIdProp	EntityId	0	-	-	-	-	-	-	-	-
InitialCharacterLevelProp	Integer	0	-	-	-	-	-	-	-	-
InstantKillProp	Boolean	False	-	-	-	-	-	-	-	-
InteractableProp	Integer	-1	-	-	-	-	-	-	-	-
InteractableDestroyDelayMSProp	Integer	0	-	-	-	-	-	-	-	-
InteractableSpawnLootDelayMSProp	Integer	0	-	-	-	-	-	-	-	-
InteractableUsesLeftProp	Integer	-1	-	-	-	-	-	-	-	-
InteractHasDialogProp	Boolean	False	-	-	-	-	-	-	-	-
InteractReadyForTargetIdProp	EntityId	0	-	-	-	-	-	-	-	-
InteractTargetIdProp	EntityId	0	-	-	-	-	-	-	-	-
InvalidBounceTargetProp	Boolean	False	-	-	-	-	-	-	-	-
InventoryAddTimeProp	Time	0	-	-	-	-	-	-	-	-
InventoryStackCountProp	Integer	1	-	-	-	-	-	-	-	-
InventoryStackSizeMaxProp	Integer	1	-	-	-	-	-	-	-	-
InvulnerableProp	Boolean	False	-	-	-	-	-	-	-	-
InvulnExceptWithPowerKwdProp	Prototype	0	-	-	-	-	-	-	-	-
IsDeadProp	Boolean	False	-	-	-	-	-	-	-	-
IsInCombatProp	Boolean	False	-	-	-	-	-	-	-	-
IsResurrectionPowerProp	Boolean	False	-	-	-	-	-	-	-	-
IsTeamUpAwaySourceProp	Boolean	False	-	-	-	-	-	-	-	-
IsTransientPowerUserProp	Boolean	False	-	-	-	-	-	-	-	-
ItemAffixLevelProp	Integer	0	-	-	-	-	-	-	-	-
ItemAllowPickupWhenInventoryFullProp	Boolean	False	-	-	-	-	-	-	-	-
ItemAutoUseOnPurchaseProp	Boolean	False	-	-	-	-	-	-	-	-
ItemBindsToAccountOnPickupProp	Boolean	False	-	-	-	-	-	-	-	-
ItemBindsToCharacterOnEquipProp	Boolean	False	-	-	-	-	-	-	-	-
ItemBoundAvatarProp	Prototype	0	-	-	-	-	-	-	-	-
ItemCurrencyProp	Integer	0	Entity/Items/CurrencyItems/CurrencyPrototypes/Currency.blueprint	Entity/Items/CurrencyItems/CurrencyPrototypes/Currency.defaults	-	-	-	-	-	-
ItemEquipEngineEffectProp	Boolean	False	Entity/Items/Affixes/ItemEffectUnrealClass.type	MarvelGameContent.MarvelItemEffect_ItemEnhancement_GroundBased_Runes_Red	-	-	-	-	-	-
ItemFulfillmentEntryProp	Boolean	False	Entity/Components/Fulfillable.blueprint	Entity/Components/Fulfillable.defaults	-	-	-	-	-	-
ItemEventActionIndexProp	Integer	0	-	-	-	-	-	-	-	-
ItemIsBoundToAccountProp	Boolean	False	-	-	-	-	-	-	-	-
ItemIsTradableProp	Boolean	True	-	-	-	-	-	-	-	-
ItemLevelProp	Integer	1	-	-	-	-	-	-	-	-
ItemLimitedEditionProp	Integer	0	-	-	-	-	-	-	-	-
ItemRarityProp	Prototype	0	-	-	-	-	-	-	-	-
ItemRecentlyAddedGlintProp	Boolean	False	-	-	-	-	-	-	-	-
ItemRecentlyAddedToInventoryProp	Boolean	False	-	-	-	-	-	-	-	-
ItemRegisterFloatProp	Real	0f	Integer	0	-	-	-	-	-	-
ItemVariationProp	Real	1f	-	-	-	-	-	-	-	-
ItemSoldPriceProp	Integer	0	-	-	-	-	-	-	-	-
PowerKeywordChangeProp	Integer	-1	Powers/Blueprints/Power.blueprint	Powers/Blueprints/Power.defaults	Powers/Blueprints/PowerKeyword.blueprint	Powers/Blueprints/PowerKeyword.defaults	-	-	-	-
KnockbackProp	Boolean	False	-	-	-	-	-	-	-	-
KnockbackDistanceProp	Curve	0f (PowerRank)	-	-	-	-	-	-	-	-
KnockbackTimeResultProp	Real	0f	-	-	-	-	-	-	-	-
KnockbackSpeedResultProp	Real	0f	-	-	-	-	-	-	-	-
KnockbackAccelerationResultProp	Real	0f	-	-	-	-	-	-	-	-
KnockbackMovementTypeProp	Integer	0	-	-	-	-	-	-	-	-
KnockbackResistProp	Real	0f	-	-	-	-	-	-	-	-
KnockbackReverseTargetOriProp	Boolean	False	-	-	-	-	-	-	-	-
KnockbackSourceUseUltimateOwnerProp	Boolean	False	-	-	-	-	-	-	-	-
KnockbackToSourceProp	Boolean	False	-	-	-	-	-	-	-	-
KnockdownProp	Boolean	False	-	-	-	-	-	-	-	-
KnockupProp	Boolean	False	-	-	-	-	-	-	-	-
LastActiveMissionChapterProp	Prototype	StoryStructure/Prototypes/Story/Ch00TheRaft.prototype	-	-	-	-	-	-	-	-
LastDailyAdvMishCalendarDayProp	Integer	0	-	-	-	-	-	-	-	-
LastDailyMissionCalendarDayProp	Integer	0	-	-	-	-	-	-	-	-
LastInflictedDamageTimeProp	Time	0	-	-	-	-	-	-	-	-
LastHostileTargetIDProp	EntityId	0	-	-	-	-	-	-	-	-
LastTownRegionProp	Prototype	0	-	-	-	-	-	-	-	-
LastTownRegionForAccountProp	Prototype	0	-	-	-	-	-	-	-	-
LegendaryMarksAmountProp	Integer	0	-	-	-	-	-	-	-	-
LegendaryMissionObjsCompProp	Integer	0	Missions/Blueprints/Mission.blueprint	Missions/Blueprints/Mission.defaults	Integer	0	-	-	-	-
LegendaryMissionSuccCondCntProp	Integer	0	Missions/Blueprints/Mission.blueprint	Missions/Blueprints/Mission.defaults	Integer	0	Integer	0	-	-
LegendaryMissionFailCondCntProp	Integer	0	Missions/Blueprints/Mission.blueprint	Missions/Blueprints/Mission.defaults	Integer	0	Integer	0	-	-
LegendaryMissionCRCProp	Integer	0	Missions/Blueprints/Mission.blueprint	Missions/Blueprints/Mission.defaults	-	-	-	-	-	-
LegendaryMissionsCompleteProp	Integer	0	-	-	-	-	-	-	-	-
LegendaryMissionSharedByPlayerProp	Guid	0	-	-	-	-	-	-	-	-
LegendaryMissionSharedMissionProp	Prototype	0	-	-	-	-	-	-	-	-
LegendaryMissionWasSharedProp	Boolean	False	-	-	-	-	-	-	-	-
LiveTuneConditionVarProp	Real	1f	-	-	-	-	-	-	-	-
LoginRewardReceivedDateProp	Integer	0	Entity/Items/LoginRewards/LoginReward.blueprint	Entity/Items/LoginRewards/LoginReward.defaults	-	-	-	-	-	-
LoginCountProp	Integer	0	-	-	-	-	-	-	-	-
LookAtMousePositionProp	Boolean	False	-	-	-	-	-	-	-	-
LootBonusRarityPctProp	Real	0f	-	-	-	-	-	-	-	-
LootBonusRarityStackCountProp	Integer	0	Powers/Blueprints/Power.blueprint	Powers/Blueprints/Power.defaults	-	-	-	-	-	-
LootBonusRarityStackingMultProp	Real	0f	Powers/Blueprints/Power.blueprint	Powers/Blueprints/Power.defaults	-	-	-	-	-	-
LootBonusCreditsFlatProp	Integer	0	-	-	-	-	-	-	-	-
LootBonusCreditsStackCountProp	Integer	0	Powers/Blueprints/Power.blueprint	Powers/Blueprints/Power.defaults	-	-	-	-	-	-
LootBonusCreditsStackingMultProp	Real	0f	Powers/Blueprints/Power.blueprint	Powers/Blueprints/Power.defaults	-	-	-	-	-	-
LootBonusCreditsPctProp	Real	0f	-	-	-	-	-	-	-	-
LootBonusCurrencyStackCountProp	Integer	0	Entity/Items/CurrencyItems/CurrencyPrototypes/Currency.blueprint	Entity/Items/CurrencyItems/CurrencyPrototypes/Currency.defaults	Integer	0	-	-	-	-
LootBonusSpecialPctProp	Real	0f	-	-	-	-	-	-	-	-
LootBonusSpecialStackCountProp	Integer	0	Powers/Blueprints/Power.blueprint	Powers/Blueprints/Power.defaults	-	-	-	-	-	-
LootBonusSpecialStackingMultProp	Real	0f	Powers/Blueprints/Power.blueprint	Powers/Blueprints/Power.defaults	-	-	-	-	-	-
LootBonusXPPctProp	Real	0f	-	-	-	-	-	-	-	-
LootCooldownByChannelProp	Prototype	0	-	-	-	-	-	-	-	-
LootCooldownCountProp	Integer	0	Loot/Cooldowns/Blueprints/LootCooldownChannel.blueprint	Loot/Cooldowns/Blueprints/LootCooldownChannel.defaults	-	-	-	-	-	-
LootCooldownKillWithLootCountProp	Integer	0	-	-	-	-	-	-	-	-
LootCooldownRolloverWallTimeProp	Real	-1f	Integer	0	Types/Weekday.type	All	-	-	-	-
LootCooldownTimeHoursProp	Integer	0	-	-	-	-	-	-	-	-
LootCooldownTimeStartChannelProp	Time	0	Loot/Cooldowns/Blueprints/LootCooldownChannel.blueprint	Loot/Cooldowns/Blueprints/LootCooldownChannel.defaults	-	-	-	-	-	-
LootCooldownTimeStartEntityProp	Time	0	Entity/Characters/Agent.blueprint	Entity/Characters/Agent.defaults	Difficulty/Blueprints/DifficultyTier.blueprint	Difficulty/Blueprints/DifficultyTier.defaults	-	-	-	-
LootCooldownTimeStartRegionProp	Time	0	Regions/Region.blueprint	Regions/Region.defaults	Difficulty/Blueprints/DifficultyTier.blueprint	Difficulty/Blueprints/DifficultyTier.defaults	-	-	-	-
LootCooldownTimeStartSpecialProp	Time	0	-	-	-	-	-	-	-	-
LootSourceTableOverrideProp	Prototype	0	Loot/LootTableSource.type	Explicit	Loot/LootDropEventType.type	None	-	-	-	-
LootSpawnPrototypeProp	Prototype	0	-	-	-	-	-	-	-	-
LootTablePrototypeProp	Prototype	0	Loot/LootDropEventType.type	None	Integer	0	Loot/LootDropActionType.type	Spawn	-	-
LootTableSourceProp	Asset	0	-	-	-	-	-	-	-	-
MagnetizedProp	Integer	0	-	-	-	-	-	-	-	-
MapAreaIdProp	Integer	0	-	-	-	-	-	-	-	-
MapCellIdProp	Integer	0	-	-	-	-	-	-	-	-
MapIconOverrideProp	Prototype	0	-	-	-	-	-	-	-	-
MapOrientationProp	Real	0f	-	-	-	-	-	-	-	-
MapPositionProp	Int21Vector3	0	-	-	-	-	-	-	-	-
MapRegionIdProp	RegionId	0	-	-	-	-	-	-	-	-
MapTrackingProp	Real	0f	UI/MapInfo/IconAppearances/IconBehaviors/UIMapInfoIconBehavior.blueprint	Metagame/MiniMap/EnemyMinionIconBehavior.prototype	Entity/Alliances/Alliance.blueprint	Entity/Alliances/AnyHostileEntity.prototype	Entity/EntityKeyword.blueprint	Entity/EntityKeyword.defaults	Entity/EntityKeyword.blueprint	Entity/EntityKeyword.defaults
MetaGameEntityEventCountProp	Integer	0	Metagame/MetaState/MetaState.blueprint	Metagame/MetaState/MetaState.defaults	Events/GameEvents/EntityGameEventEnum.type	Invalid	-	-	-	-
MetaGameIgnoreDeathLimitsProp	Boolean	False	-	-	-	-	-	-	-	-
MetaGameStateForceProp	Prototype	0	-	-	-	-	-	-	-	-
MetaGameTeamProp	Prototype	0	-	-	-	-	-	-	-	-
MetaGameTimeStateRemovedMSProp	Time	0	Metagame/MetaState/MetaState.blueprint	Metagame/MetaState/MetaState.defaults	-	-	-	-	-	-
MetaGameTimeStateAddedMSProp	Time	0	Metagame/MetaState/MetaState.blueprint	Metagame/MetaState/MetaState.defaults	-	-	-	-	-	-
MetaGameWaveCountProp	Integer	0	-	-	-	-	-	-	-	-
MetaStateProgressProp	Time	0	Regions/Region.blueprint	Regions/Region.defaults	Difficulty/Blueprints/DifficultyTier.blueprint	Difficulty/Blueprints/DifficultyTier.defaults	Metagame/MetaState/MetaState.blueprint	Metagame/MetaState/MetaState.defaults	-	-
MetaStateWaveCountProp	Integer	0	Metagame/MetaState/MetaStateWaveInstance.blueprint	Metagame/MetaState/MetaStateWaveInstance.defaults	-	-	-	-	-	-
MetaStateWaveForceProp	Prototype	0	Metagame/MetaState/MetaState.blueprint	Metagame/MetaState/MetaState.defaults	-	-	-	-	-	-
MetaStateApplyOnInitProp	Boolean	False	Metagame/MetaState/MetaState.blueprint	Metagame/MetaState/MetaState.defaults	-	-	-	-	-	-
MesmerizedProp	Boolean	False	-	-	-	-	-	-	-	-
MissileAbsorbChancePctProp	Real	0f	-	-	-	-	-	-	-	-
MissileAbsorbImmunityProp	Boolean	False	-	-	-	-	-	-	-	-
MissileAlwaysCollidesProp	Boolean	False	-	-	-	-	-	-	-	-
MissileOwnedByPlayerProp	Boolean	False	-	-	-	-	-	-	-	-
MissileBaseMoveSpeedProp	Real	0f	-	-	-	-	-	-	-	-
MissileBlockingHotspotProp	Boolean	False	-	-	-	-	-	-	-	-
MissileBlockingHotspotImmunityProp	Boolean	False	-	-	-	-	-	-	-	-
MissileContextIndexProp	Integer	0	-	-	-	-	-	-	-	-
MissileCountPerCreationEventProp	Integer	0	-	-	-	-	-	-	-	-
MissileCreationCountTotalProp	Integer	0	-	-	-	-	-	-	-	-
MissileCreationDelayProp	Integer	0	-	-	-	-	-	-	-	-
MissileCreatorIdProp	EntityId	0	-	-	-	-	-	-	-	-
MissilePierceChanceProp	Real	0f	Powers/Blueprints/PowerKeyword.blueprint	Powers/Blueprints/PowerKeyword.defaults	-	-	-	-	-	-
MissileRangeProp	Real	0f	-	-	-	-	-	-	-	-
MissileReflectionImmunityProp	Boolean	False	-	-	-	-	-	-	-	-
MissileReturningProp	Boolean	False	-	-	-	-	-	-	-	-
MissileReturnsWeaponProp	Boolean	True	-	-	-	-	-	-	-	-
MissileSeedProp	Integer	0	-	-	-	-	-	-	-	-
MissileSeekTargetIdProp	EntityId	0	-	-	-	-	-	-	-	-
MissileSpeedBonusProp	Real	0f	-	-	-	-	-	-	-	-
MissionAllyOfAvatarProp	Boolean	False	-	-	-	-	-	-	-	-
MissionAllyOfAvatarDbGuidProp	Guid	0	-	-	-	-	-	-	-	-
MissionCompletedProp	Boolean	False	Missions/Blueprints/Mission.blueprint	Missions/Blueprints/Mission.defaults	-	-	-	-	-	-
MissionHotspotProp	Boolean	False	-	-	-	-	-	-	-	-
MissionPlayerIDProp	EntityId	0	-	-	-	-	-	-	-	-
MissionPrototypeProp	Prototype	0	-	-	-	-	-	-	-	-
MissionRewardReceivedProp	Boolean	False	Missions/Blueprints/Mission.blueprint	Missions/Blueprints/Mission.defaults	-	-	-	-	-	-
MissionTrackerAchievementsProp	Boolean	False	Integer	0	-	-	-	-	-	-
MissionTrackerFilterProp	Boolean	False	UI/MissionTracker/MissionTrackerFilter.blueprint	UI/MissionTracker/MissionTrackerFilter.defaults	-	-	-	-	-	-
MissionXEncounterHostilityOkProp	Boolean	False	-	-	-	-	-	-	-	-
MobRankOverrideProp	Prototype	0	-	-	-	-	-	-	-	-
MouseHitCollisionMultExtraProp	Real	1f	-	-	-	-	-	-	-	-
MovementSpeedChangeImmunityProp	Boolean	False	-	-	-	-	-	-	-	-
MovementSpeedDecrPctProp	Real	0f	-	-	-	-	-	-	-	-
MovementSpeedFromEnduranceProp	Real	0f	Entity/Characters/Avatars/ManaBehaviors/ManaType.type	Type1	-	-	-	-	-	-
MovementSpeedIncrPctProp	Real	0f	-	-	-	-	-	-	-	-
MovementSpeedOverrideProp	Real	0f	-	-	-	-	-	-	-	-
MovementSpeedRateProp	Real	0f	-	-	-	-	-	-	-	-
NavigationInfluenceBeforeMovingProp	Boolean	False	-	-	-	-	-	-	-	-
NeedsInventoryDBLoadProp	Boolean	False	-	-	-	-	-	-	-	-
NeedsTeamAssignmentProp	Boolean	False	Events/PublicEvents/Blueprints/PublicEvent.blueprint	Events/PublicEvents/Blueprints/PublicEvent.defaults	Integer	0	-	-	-	-
NegateHotspotsProp	Boolean	False	Entity/Types/HotspotNegateByAllianceType.type	Enemies	Entity/EntityKeyword.blueprint	Entity/EntityKeyword.defaults	Integer	0	-	-
NegStatusImmunityProp	Boolean	False	-	-	-	-	-	-	-	-
NegStatusUsableProp	Boolean	False	-	-	-	-	-	-	-	-
NoAvatarSwapProp	Boolean	False	-	-	-	-	-	-	-	-
NoCooldownsProp	Boolean	False	-	-	-	-	-	-	-	-
NoEnduranceCostsProp	Boolean	False	Entity/Characters/Avatars/ManaBehaviors/ManaType.type	Type1	-	-	-	-	-	-
NoEntityCollideProp	Boolean	False	-	-	-	-	-	-	-	-
NoEntityCollideExceptionProp	EntityId	0	-	-	-	-	-	-	-	-
NoExpOnDeathProp	Boolean	False	-	-	-	-	-	-	-	-
NoForcedMovementProp	Boolean	False	-	-	-	-	-	-	-	-
NoLootDropProp	Boolean	False	-	-	-	-	-	-	-	-
NoMissileCollideProp	Boolean	False	-	-	-	-	-	-	-	-
NPCAmbientLockProp	Boolean	False	-	-	-	-	-	-	-	-
NumMissileBouncesProp	Integer	0	-	-	-	-	-	-	-	-
NumberOfDeathsProp	Integer	0	-	-	-	-	-	-	-	-
NumMissionAlliesProp	Integer	0	-	-	-	-	-	-	-	-
NumOfPlayersInSameRegionProp	Integer	0	-	-	-	-	-	-	-	-
OmniDurationBonusPctProp	Real	0f	-	-	-	-	-	-	-	-
OnKillDestroyImmediateProp	Boolean	False	-	-	-	-	-	-	-	-
OnPowerUsePowerRefProp	Prototype	0	-	-	-	-	-	-	-	-
OpenMTXStoreProp	Asset	None	-	-	-	-	-	-	-	-
OpenPlayerStashProp	Boolean	False	-	-	-	-	-	-	-	-
OpenStoryWarpPanelProp	Boolean	False	-	-	-	-	-	-	-	-
OrbAggroRangePctBonusProp	Real	0f	-	-	-	-	-	-	-	-
OrbAggroRangeBonusStackCountProp	Integer	0	Powers/Blueprints/Power.blueprint	Powers/Blueprints/Power.defaults	-	-	-	-	-	-
OrbAggroRangeBonusStackingMultProp	Real	0f	Powers/Blueprints/Power.blueprint	Powers/Blueprints/Power.defaults	-	-	-	-	-	-
ParentSpawnerGroupIdProp	Integer	0	-	-	-	-	-	-	-	-
PartyKickGracePeriodExpireTimeProp	Time	0	-	-	-	-	-	-	-	-
PartySizeProp	Integer	0	-	-	-	-	-	-	-	-
PartyBoostCountProp	Integer	0	-	-	-	-	-	-	-	-
PartyLastIdProp	Guid	0	-	-	-	-	-	-	-	-
PayloadDamageRatingTotalProp	Real	0f	Property/DamageType.type	Any	-	-	-	-	-	-
PayloadDamageMultTotalProp	Real	0f	Property/DamageType.type	Any	-	-	-	-	-	-
PayloadDamagePctModifierTotalProp	Real	0f	Property/DamageType.type	Any	-	-	-	-	-	-
PayloadDamagePctWeakenTotalProp	Real	0f	Property/DamageType.type	Any	-	-	-	-	-	-
PayloadSkipRangeCheckProp	Boolean	False	-	-	-	-	-	-	-	-
PendingResurrectEntityIdProp	EntityId	0	-	-	-	-	-	-	-	-
PendingTeleportPartyMemberIdProp	Guid	0	-	-	-	-	-	-	-	-
PermaBuffProp	Boolean	False	PermaBuffs/PermaBuff.blueprint	PermaBuffs/PermaBuff.defaults	-	-	-	-	-	-
PetDamagePctBonusProp	Real	0f	-	-	-	-	-	-	-	-
PetHealthPctBonusProp	Real	0f	-	-	-	-	-	-	-	-
PetItemDonationCountProp	Integer	0	Entity/Items/Affixes/AffixPositionType.type	PetTech1	-	-	-	-	-	-
PetLifetimeChangePctProp	Real	0f	-	-	-	-	-	-	-	-
PetRegisterFloatProp	Real	0f	Integer	0	-	-	-	-	-	-
PetTechDonationMultiplierProp	Real	0.01f	-	-	-	-	-	-	-	-
PickupDestroyPendingProp	Boolean	False	-	-	-	-	-	-	-	-
PlaceableDeadProp	Boolean	False	-	-	-	-	-	-	-	-
PlayerScalingHealthPctBonusProp	Real	0f	-	-	-	-	-	-	-	-
PlayerMaxAvatarLevelProp	Integer	0	-	-	-	-	-	-	-	-
PowerActivationCountProp	Integer	0	Powers/Blueprints/Power.blueprint	Powers/Blueprints/Power.defaults	-	-	-	-	-	-
PowerActiveUntilProjExpireProp	Boolean	False	-	-	-	-	-	-	-	-
PowerBoostProp	Integer	0	Entity/Items/Affixes/PowerModifierAffixes/ItemPowerBonusParam.blueprint	Entity/Items/Affixes/PowerModifierAffixes/ItemPowerBonusParam.defaults	Entity/Characters/Avatars/Avatar.blueprint	Entity/Characters/Avatars/Avatar.defaults	-	-	-	-
PowerChargesAvailableProp	Integer	0	Powers/Blueprints/Power.blueprint	Powers/Blueprints/Power.defaults	-	-	-	-	-	-
PowerChargesMaxBonusProp	Integer	0	Powers/Blueprints/Power.blueprint	Powers/Blueprints/Power.defaults	-	-	-	-	-	-
PowerChargesMaxBonusForKwdProp	Integer	0	Powers/Blueprints/PowerKeyword.blueprint	Powers/Blueprints/PowerKeyword.defaults	-	-	-	-	-	-
PowerChargesMaxProp	Integer	0	Powers/Blueprints/Power.blueprint	Powers/Blueprints/Power.defaults	-	-	-	-	-	-
PowerClearsNegStatusChancePctProp	Real	0f	Property/PropertyInfo.blueprint	Property/PropertyInfo.defaults	-	-	-	-	-	-
PowerClearsNegStatusChancePctAllProp	Real	0f	-	-	-	-	-	-	-	-
PowerContactPctWhenMovingProp	Real	-1f	-	-	-	-	-	-	-	-
PowerCooldownDurationProp	Time	0	Powers/Blueprints/Power.blueprint	Powers/Blueprints/Power.defaults	-	-	-	-	-	-
PowerCooldownDurationPersistentProp	Time	0	Powers/Blueprints/Power.blueprint	Powers/Blueprints/Power.defaults	-	-	-	-	-	-
PowerCooldownStartTimeProp	Time	0	Powers/Blueprints/Power.blueprint	Powers/Blueprints/Power.defaults	-	-	-	-	-	-
PowerCooldownStartTimePersistentProp	Time	0	Powers/Blueprints/Power.blueprint	Powers/Blueprints/Power.defaults	-	-	-	-	-	-
PowerDmgBonusFromAtkSpdPctProp	Real	0f	-	-	-	-	-	-	-	-
PowerForceHealingProp	Boolean	False	-	-	-	-	-	-	-	-
PowerGrantRankProp	Integer	0	Entity/Items/Affixes/PowerModifierAffixes/ItemPowerBonusParam.blueprint	Entity/Items/Affixes/PowerModifierAffixes/ItemPowerBonusParam.defaults	Entity/Characters/Avatars/Avatar.blueprint	Entity/Characters/Avatars/Avatar.defaults	-	-	-	-
PowerHealthCostProp	Real	0f	-	-	-	-	-	-	-	-
PowerIconAssetOverrideProp	Asset	MarvelUIIcons.PowerNoIcon	Powers/Blueprints/Power.blueprint	Powers/Blueprints/Power.defaults	-	-	-	-	-	-
PowerLockProp	Boolean	False	-	-	-	-	-	-	-	-
PowerLockForPowerKeywordProp	Boolean	False	Powers/Blueprints/PowerKeyword.blueprint	Powers/Blueprints/PowerKeyword.defaults	-	-	-	-	-	-
PowerPeriodicActivationProp	Integer	0	-	-	-	-	-	-	-	-
PowerPeriodicActivationCountProp	Integer	0	-	-	-	-	-	-	-	-
PowerPreviousTargetsIDProp	EntityId	0	Integer	0	-	-	-	-	-	-
PowerProgressionVersionProp	Integer	0	-	-	-	-	-	-	-	-
PowerPointsUnspentProp	Integer	0	Integer	0	-	-	-	-	-	-
PowerRankProp	Integer	0	-	-	-	-	-	-	-	-
PowerRankBaseProp	Integer	-1	Powers/Blueprints/Power.blueprint	Powers/Blueprints/Power.defaults	-	-	-	-	-	-
PowerRankCurrentBestProp	Integer	0	Powers/Blueprints/Power.blueprint	Powers/Blueprints/Power.defaults	-	-	-	-	-	-
PowerRankConsiderPendingPointsProp	Boolean	False	-	-	-	-	-	-	-	-
PowerRankShowNextRankProp	Boolean	False	-	-	-	-	-	-	-	-
PowerRecurringCostProp	Curve	0f (PowerRank)	Entity/Characters/Avatars/ManaBehaviors/ManaType.type	Type1	-	-	-	-	-	-
PowersRespecResultProp	Boolean	False	Integer	0	Integer	0	Powers/Blueprints/Power.blueprint	Powers/Blueprints/Power.defaults	-	-
PowerSpecProp	Integer	0	Integer	0	Powers/Blueprints/Power.blueprint	Powers/Blueprints/Power.defaults	-	-	-	-
PowerSpecPendingProp	Integer	0	Integer	0	Powers/Blueprints/Power.blueprint	Powers/Blueprints/Power.defaults	-	-	-	-
PowerSpecIndexActiveProp	Integer	0	-	-	-	-	-	-	-	-
PowerSpecIndexUnlockedProp	Integer	1	-	-	-	-	-	-	-	-
PowerSummonedEntityCountProp	Integer	0	Powers/Blueprints/Power.blueprint	Powers/Blueprints/Power.defaults	-	-	-	-	-	-
PowersUnlockAllProp	Boolean	False	-	-	-	-	-	-	-	-
PowerToggleOnProp	Boolean	False	Powers/Blueprints/Power.blueprint	Powers/Blueprints/Power.defaults	-	-	-	-	-	-
PowerToggleInPrevRegionProp	Boolean	False	Powers/Blueprints/Power.blueprint	Powers/Blueprints/Power.defaults	-	-	-	-	-	-
PowerUnlockedProp	Boolean	False	Powers/Blueprints/Power.blueprint	Powers/Blueprints/Power.defaults	-	-	-	-	-	-
PowerUsePreventInProp	Boolean	False	Regions/RegionBehavior.type	Town	-	-	-	-	-	-
PowerUsePreventInRegionKwdProp	Boolean	False	Regions/RegionKeyword.blueprint	Regions/RegionKeyword.defaults	-	-	-	-	-	-
PowerUseRequiresRegionKwdProp	Boolean	False	Regions/RegionKeyword.blueprint	Regions/RegionKeyword.defaults	-	-	-	-	-	-
PowerUserOverrideIDProp	EntityId	0	-	-	-	-	-	-	-	-
PowerUsesReturningWeaponProp	Boolean	False	-	-	-	-	-	-	-	-
ProcProp	Real	0f	Powers/Types/ProcTriggerType.type	None	Powers/Blueprints/Power.blueprint	Powers/Blueprints/Power.defaults	Integer	0	Integer	0
ProcKeywordProp	Real	0f	Powers/Types/ProcTriggerType.type	None	Powers/Blueprints/Power.blueprint	Powers/Blueprints/Power.defaults	Types/Keyword.blueprint	Types/Keyword.defaults	Integer	0
ProcNotKeywordProp	Real	0f	Powers/Types/ProcTriggerType.type	None	Powers/Blueprints/Power.blueprint	Powers/Blueprints/Power.defaults	Powers/Blueprints/PowerKeyword.blueprint	Powers/Blueprints/PowerKeyword.defaults	-	-
ProcActivatedByCondCreatorProp	Boolean	False	Powers/Blueprints/Power.blueprint	Powers/Blueprints/Power.defaults	-	-	-	-	-	-
ProcAlwaysSucceedCountProp	Integer	0	-	-	-	-	-	-	-	-
ProcCasterOverrideProp	EntityId	0	Powers/Blueprints/Power.blueprint	Powers/Blueprints/Power.defaults	-	-	-	-	-	-
ProcChanceOverrideProp	Real	0f	Powers/Blueprints/Power.blueprint	Powers/Blueprints/Power.defaults	-	-	-	-	-	-
ProcPowerItemLevelProp	Integer	1	Powers/Blueprints/Power.blueprint	Powers/Blueprints/Power.defaults	-	-	-	-	-	-
ProcPowerItemVariationProp	Real	0f	Powers/Blueprints/Power.blueprint	Powers/Blueprints/Power.defaults	-	-	-	-	-	-
ProcPowerInvStackCountProp	Integer	1	Powers/Blueprints/Power.blueprint	Powers/Blueprints/Power.defaults	-	-	-	-	-	-
ProcPowerRankProp	Integer	1	Powers/Blueprints/Power.blueprint	Powers/Blueprints/Power.defaults	-	-	-	-	-	-
ProcRecursionDepthProp	Integer	0	-	-	-	-	-	-	-	-
ProcTargetOverrideProp	EntityId	0	Powers/Blueprints/Power.blueprint	Powers/Blueprints/Power.defaults	-	-	-	-	-	-
ProcTargetsConditionCreatorProp	Boolean	False	Powers/Blueprints/Power.blueprint	Powers/Blueprints/Power.defaults	-	-	-	-	-	-
ProcTargetsConditionOwnerProp	Boolean	False	Powers/Blueprints/Power.blueprint	Powers/Blueprints/Power.defaults	-	-	-	-	-	-
PublicEventTeamAssignmentProp	Prototype	0	Events/PublicEvents/Blueprints/PublicEvent.blueprint	Events/PublicEvents/Blueprints/PublicEvent.defaults	Integer	0	-	-	-	-
PvPIncomingDamageMultProp	Real	1f	-	-	-	-	-	-	-	-
PvPOutgoingDamageMultProp	Real	1f	-	-	-	-	-	-	-	-
PvPDeathsProp	Integer	0	-	-	-	-	-	-	-	-
PvPKillsProp	Integer	0	-	-	-	-	-	-	-	-
PvPAssistsProp	Integer	0	-	-	-	-	-	-	-	-
PvPKillsAnyTransientProp	Integer	0	-	-	-	-	-	-	-	-
PvPLastKilledByEntityIdProp	Integer	0	-	-	-	-	-	-	-	-
PvPMatchCountProp	Integer	0	-	-	-	-	-	-	-	-
PvPWinsProp	Integer	0	-	-	-	-	-	-	-	-
PvPLossesProp	Integer	0	-	-	-	-	-	-	-	-
PvPRecentWinLossRatioProp	Real	0f	-	-	-	-	-	-	-	-
PvPKillsDuringMatchProp	Integer	0	Integer	0	-	-	-	-	-	-
PvPDeathsDuringMatchProp	Integer	0	Integer	0	-	-	-	-	-	-
PvPLastMatchIndexProp	Integer	0	-	-	-	-	-	-	-	-
PvPRecentKDRatioProp	Real	0f	-	-	-	-	-	-	-	-
PvPModeProp	Prototype	0	-	-	-	-	-	-	-	-
PvPUpgradesProp	Integer	0	-	-	-	-	-	-	-	-
PvPUpgradesBaseProp	Integer	0	-	-	-	-	-	-	-	-
PvPUpgradesCurrencyProp	Integer	0	-	-	-	-	-	-	-	-
PvPUpgradesTempProp	Integer	0	-	-	-	-	-	-	-	-
RankProp	Prototype	0	-	-	-	-	-	-	-	-
RangeModifierPctKeywordProp	Real	0f	Powers/Blueprints/PowerKeyword.blueprint	Powers/Blueprints/PowerKeyword.defaults	-	-	-	-	-	-
RangeModifierProp	Real	0f	-	-	-	-	-	-	-	-
RegionAffixProp	Boolean	False	Regions/Affixes/RegionAffix.blueprint	Regions/Affixes/RegionAffix.defaults	-	-	-	-	-	-
RegionAffixDifficultyProp	Integer	0	-	-	-	-	-	-	-	-
ReflectedProp	EntityId	0	-	-	-	-	-	-	-	-
ReflectInForwardDirectionProp	Boolean	False	-	-	-	-	-	-	-	-
RegionAvatarPowerProp	Boolean	False	Powers/Blueprints/Power.blueprint	Powers/Blueprints/Power.defaults	-	-	-	-	-	-
RegionBodysliderTargetOverrideProp	Prototype	0	Entity/MetaGame/MetaGameTeam.blueprint	Entity/MetaGame/MetaGameTeam.defaults	-	-	-	-	-	-
RegionUITopPanelProp	Prototype	0	-	-	-	-	-	-	-	-
RegionStartTargetOverrideProp	Prototype	0	-	-	-	-	-	-	-	-
RemoveConditionsOfPowerProp	Boolean	False	Powers/Blueprints/Power.blueprint	Powers/Blueprints/Power.defaults	Integer	0	-	-	-	-
RemoveConditionsOfTypeProp	Asset	0	-	-	-	-	-	-	-	-
RemoveConditionsWithKeywordProp	Boolean	False	Powers/Blueprints/PowerKeyword.blueprint	Powers/Blueprints/PowerKeyword.defaults	Integer	0	-	-	-	-
RemoveConditionsWithPropertyOfTypeProp	Boolean	False	Property/PropertyInfo.blueprint	Property/PropertyInfo.defaults	Integer	0	-	-	-	-
RemovePowerWhenNotSimulatedProp	Boolean	True	-	-	-	-	-	-	-	-
RequirementProp	Real	0f	Property/PropertyInfo.blueprint	Property/PropertyInfo.defaults	-	-	-	-	-	-
RespawnHotspotOverrideInstProp	EntityId	0	Regions/RegionConnectionTarget.blueprint	Regions/RegionConnectionTarget.defaults	-	-	-	-	-	-
RespawnHotspotOverrideProp	Prototype	0	-	-	-	-	-	-	-	-
ResourceUIMaterialIndexProp	Integer	0	UI/Types/UIElements.type	PrimaryResourceBar	-	-	-	-	-	-
ResistancePercentageProp	Real	0f	-	-	-	-	-	-	-	-
RestrictedToPlayerProp	Boolean	False	-	-	-	-	-	-	-	-
RestrictedToPlayerGuidProp	Guid	0	-	-	-	-	-	-	-	-
RestrictedToPlayerGuidPartyProp	Guid	0	-	-	-	-	-	-	-	-
RollWithRarityTierProp	Integer	0	-	-	-	-	-	-	-	-
RotationSpeedOverrideProp	Real	0f	-	-	-	-	-	-	-	-
RunestonesAmountProp	Integer	0	-	-	-	-	-	-	-	-
ScriptRoleKeyProp	Integer	0	-	-	-	-	-	-	-	-
ScoringEventTimerStartTimeMSProp	Time	0	ScoringEvents/ScoringEventTimer.blueprint	ScoringEvents/ScoringEventTimer.defaults	-	-	-	-	-	-
ScoringEventTimerAccumTimeMSProp	Time	0	ScoringEvents/ScoringEventTimer.blueprint	ScoringEvents/ScoringEventTimer.defaults	-	-	-	-	-	-
SecondaryResourceProp	Real	0f	-	-	-	-	-	-	-	-
SecondaryResourceReserveProp	Real	0f	-	-	-	-	-	-	-	-
SecondaryResourceReservePipsProp	Integer	0	-	-	-	-	-	-	-	-
SecondaryResourceChangeProp	Real	0f	-	-	-	-	-	-	-	-
SecondaryResourceChangeBaseProp	Real	0f	-	-	-	-	-	-	-	-
SecondaryResourceChangePctProp	Real	0f	-	-	-	-	-	-	-	-
SecondaryResourceCostProp	Real	0f	-	-	-	-	-	-	-	-
SecondaryResourceCostPerPipProp	Real	0f	-	-	-	-	-	-	-	-
SecondaryResourceCostPipsProp	Integer	0	-	-	-	-	-	-	-	-
SecondaryResourceCOTBaseProp	Real	0f	-	-	-	-	-	-	-	-
SecondaryResourceCOTPctProp	Real	0f	-	-	-	-	-	-	-	-
SecondaryResourceDmgBnsProp	Real	0f	-	-	-	-	-	-	-	-
SecondaryResourceDmgBnsPctProp	Real	0f	-	-	-	-	-	-	-	-
SecondaryResourceNoEnduranceProp	Boolean	False	-	-	-	-	-	-	-	-
SecondaryResourceMaxProp	Real	0f	-	-	-	-	-	-	-	-
SecondaryResourceMaxBaseProp	Real	0f	-	-	-	-	-	-	-	-
SecondaryResourceMaxChangeProp	Real	0f	-	-	-	-	-	-	-	-
SecondaryResourceMaxPipsProp	Integer	1	-	-	-	-	-	-	-	-
SecondaryResourceMaxPipsBaseProp	Integer	1	-	-	-	-	-	-	-	-
SecondaryResourceMaxPipsChgProp	Integer	0	-	-	-	-	-	-	-	-
SecondaryResourceOverrideProp	Prototype	0	-	-	-	-	-	-	-	-
SecondaryResourcePipsProp	Integer	0	-	-	-	-	-	-	-	-
SecondaryResourceRequiredProp	Boolean	False	-	-	-	-	-	-	-	-
SecondaryResourceVisibleProp	Boolean	True	-	-	-	-	-	-	-	-
SetTargetLifespanMSProp	Integer	0	-	-	-	-	-	-	-	-
SharedQuestCompletionCountProp	Integer	0	Missions/Blueprints/DailyMission.blueprint	Missions/Blueprints/DailyMission.defaults	-	-	-	-	-	-
ShowXPRewardTextProp	Boolean	False	-	-	-	-	-	-	-	-
SinglePowerLockProp	Boolean	False	Powers/Blueprints/Power.blueprint	Powers/Blueprints/Power.defaults	-	-	-	-	-	-
SituationalTriggerColliderIdProp	EntityId	0	-	-	-	-	-	-	-	-
SkillshotReflectAngVarianceProp	Real	0f	-	-	-	-	-	-	-	-
SkillshotReflectChancePctProp	Real	0f	-	-	-	-	-	-	-	-
SkillshotReflectFromAngleProp	Real	0f	-	-	-	-	-	-	-	-
SkillshotReflectInHotspotProp	Boolean	False	-	-	-	-	-	-	-	-
SkillshotReflectOutHotspotProp	Boolean	True	-	-	-	-	-	-	-	-
SocketProp	Prototype	0	Entity/Items/Affixes/AffixPositionType.type	Socket1	-	-	-	-	-	-
SpawnDistanceToTargetSqrProp	Real	0f	-	-	-	-	-	-	-	-
SpawnGroupIdProp	Guid	0	-	-	-	-	-	-	-	-
StashNewItemCountProp	Integer	0	Entity/Inventory/PlayerInventories/StashInventories/PlayerStashInventory.blueprint	Entity/Inventory/PlayerInventories/StashInventories/PlayerStashInventory.defaults	-	-	-	-	-	-
StatAllModifierProp	Integer	0	-	-	-	-	-	-	-	-
StatDurabilityProp	Integer	1	-	-	-	-	-	-	-	-
StatDurabilityDmgPctPerPointProp	Real	0f	-	-	-	-	-	-	-	-
StatDurabilityModifierProp	Integer	0	-	-	-	-	-	-	-	-
StatEnergyDmgPctPerPointProp	Real	0f	-	-	-	-	-	-	-	-
StatEnergyProjectionProp	Integer	1	-	-	-	-	-	-	-	-
StatEnergyProjectionModifierProp	Integer	0	-	-	-	-	-	-	-	-
StatFightingSkillsProp	Integer	1	-	-	-	-	-	-	-	-
StatFightingSkillsDmgPctPerPointProp	Real	0f	-	-	-	-	-	-	-	-
StatFightingSkillsModifierProp	Integer	0	-	-	-	-	-	-	-	-
StatIntelligenceProp	Integer	1	-	-	-	-	-	-	-	-
StatIntelligenceDmgPctPerPointProp	Real	0f	-	-	-	-	-	-	-	-
StatIntelligenceModifierProp	Integer	0	-	-	-	-	-	-	-	-
StatSpeedProp	Integer	1	-	-	-	-	-	-	-	-
StatSpeedDmgPctPerPointProp	Real	0f	-	-	-	-	-	-	-	-
StatSpeedModifierProp	Integer	0	-	-	-	-	-	-	-	-
StatStrengthProp	Integer	1	-	-	-	-	-	-	-	-
StatStrengthDmgPctPerPointProp	Real	0f	-	-	-	-	-	-	-	-
StatStrengthModifierProp	Integer	0	-	-	-	-	-	-	-	-
StatusDurationBonusMSProp	Real	0f	-	-	-	-	-	-	-	-
StatusResistByDurationMSProp	Integer	0	Property/PropertyInfo.blueprint	Property/PropertyInfo.defaults	-	-	-	-	-	-
StatusResistByDurationMSAllProp	Integer	0	-	-	-	-	-	-	-	-
StatusResistByDurationMSKwdProp	Integer	0	Powers/Blueprints/PowerKeyword.blueprint	Powers/Blueprints/PowerKeyword.defaults	-	-	-	-	-	-
StatusResistByDurationPctProp	Real	0f	Property/PropertyInfo.blueprint	Property/PropertyInfo.defaults	-	-	-	-	-	-
StatusResistByDurationPctAllProp	Real	0f	-	-	-	-	-	-	-	-
StatusResistByDurationPctKwdProp	Real	0f	Powers/Blueprints/PowerKeyword.blueprint	Powers/Blueprints/PowerKeyword.defaults	-	-	-	-	-	-
StealthProp	Real	0f	-	-	-	-	-	-	-	-
StealthDetectionProp	Real	0f	-	-	-	-	-	-	-	-
StealthPenaltyProp	Real	0f	-	-	-	-	-	-	-	-
SteamUserIdProp	Guid	0	-	-	-	-	-	-	-	-
SteamAchievementUpdateSeqNumProp	Integer	0	-	-	-	-	-	-	-	-
StolenPowerAvailableProp	Boolean	False	Powers/Blueprints/Power.blueprint	Powers/Blueprints/Power.defaults	-	-	-	-	-	-
StunnedProp	Boolean	False	-	-	-	-	-	-	-	-
StunnedByHitReactProp	Boolean	False	-	-	-	-	-	-	-	-
SummonContextIndexProp	Integer	0	-	-	-	-	-	-	-	-
SummonedByPowerProp	Boolean	False	-	-	-	-	-	-	-	-
SummonedEntityIsRegionPersistedProp	Boolean	False	-	-	-	-	-	-	-	-
SummonEntityOverrideRefProp	Prototype	0	-	-	-	-	-	-	-	-
SummonLifespanMSProp	Integer	0	-	-	-	-	-	-	-	-
SummonLifespanRemainingMSProp	Integer	0	-	-	-	-	-	-	-	-
SummonNumPerActivationProp	Integer	1	-	-	-	-	-	-	-	-
SummonOwnerConditionIdProp	EntityId	0	-	-	-	-	-	-	-	-
SummonWidthMaxProp	Real	0f	-	-	-	-	-	-	-	-
SuperCritChancePctAddProp	Real	0f	-	-	-	-	-	-	-	-
SuperCritChancePctAddPowerKwdProp	Real	0f	Powers/Blueprints/PowerKeyword.blueprint	Powers/Blueprints/PowerKeyword.defaults	-	-	-	-	-	-
SuperCritDamageMultProp	Real	0f	-	-	-	-	-	-	-	-
SuperCritDamageRatingProp	Real	0f	-	-	-	-	-	-	-	-
SuperCritDamagePowerMultBonusProp	Real	0f	-	-	-	-	-	-	-	-
SuperCritRatingBonusAddProp	Real	0f	-	-	-	-	-	-	-	-
SuperCritRatingPowerBonusAddProp	Real	0f	-	-	-	-	-	-	-	-
SuperCritRatingBonusMultProp	Real	0f	-	-	-	-	-	-	-	-
SuperCritRatingPowerBonusMultProp	Real	0f	-	-	-	-	-	-	-	-
SuperCritRatingBonusAddPowerKeywordProp	Real	0f	Powers/Blueprints/PowerKeyword.blueprint	Powers/Blueprints/PowerKeyword.defaults	-	-	-	-	-	-
SuperCritRatingBonusMultPowerKeywordProp	Real	0f	Powers/Blueprints/PowerKeyword.blueprint	Powers/Blueprints/PowerKeyword.defaults	-	-	-	-	-	-
SystemImmobilizedProp	Boolean	False	-	-	-	-	-	-	-	-
TargetedCritBonusProp	Real	0f	-	-	-	-	-	-	-	-
TargetedCritBonusIdProp	EntityId	0	-	-	-	-	-	-	-	-
TargetRankExclusionProp	Boolean	False	Types/Ranks.type	Popcorn	-	-	-	-	-	-
TargetRankInclusionProp	Boolean	False	Types/Ranks.type	Popcorn	-	-	-	-	-	-
TargetRestrictionProp	Real	0f	Powers/Types/TargetRestrictionType.type	None	Types/Keyword.blueprint	Types/Keyword.defaults	Entity/WorldEntity.blueprint	Entity/WorldEntity.defaults	Property/PropertyInfo.blueprint	Property/PropertyInfo.defaults
TargetsHitProp	Integer	0	-	-	-	-	-	-	-	-
TauntedProp	Boolean	False	-	-	-	-	-	-	-	-
TauntersIDProp	EntityId	0	-	-	-	-	-	-	-	-
TeamIconAssetRefProp	Asset	0	-	-	-	-	-	-	-	-
TeamUpIsPermanentProp	Boolean	False	-	-	-	-	-	-	-	-
TeamUpOwnerIdProp	EntityId	0	-	-	-	-	-	-	-	-
TeamUpsAtMaxLevelProp	Integer	0	-	-	-	-	-	-	-	-
TeamUpsAtMaxLevelPersistentProp	Integer	0	-	-	-	-	-	-	-	-
TeamUpStyleProp	Integer	0	-	-	-	-	-	-	-	-
TeleportProp	Real	-1f	Integer	0	-	-	-	-	-	-
TeleportLockdownProp	Boolean	False	-	-	-	-	-	-	-	-
ThrowabilityProp	Integer	1	-	-	-	-	-	-	-	-
ThrowableOriginatorEntityProp	EntityId	0	-	-	-	-	-	-	-	-
ThrowableOriginatorAssetRefProp	Asset	0	-	-	-	-	-	-	-	-
ThrowablePowerProp	Prototype	0	-	-	-	-	-	-	-	-
ThrowableRestorePowerProp	Prototype	0	-	-	-	-	-	-	-	-
TrackedRegionScoreProp	Real	0f	-	-	-	-	-	-	-	-
TrackedRegionScoreDivByPartyProp	Boolean	False	-	-	-	-	-	-	-	-
TrackedRegionScoreRangeLowProp	Integer	-1	-	-	-	-	-	-	-	-
TrackedRegionScoreRangeHighProp	Integer	-1	-	-	-	-	-	-	-	-
TrainerProp	Boolean	False	-	-	-	-	-	-	-	-
TransformModeProp	Prototype	0	-	-	-	-	-	-	-	-
TransformModeStartTimeProp	Time	0	Entity/Characters/Avatars/TransformModes/TransformMode.blueprint	Entity/Characters/Avatars/TransformModes/TransformMode.defaults	-	-	-	-	-	-
TriggeringPowerRefProp	Prototype	0	Powers/Blueprints/Power.blueprint	Powers/Blueprints/Power.defaults	-	-	-	-	-	-
TutorialHasSeenTipProp	Boolean	False	Tutorial/HUDTutorial.blueprint	Tutorial/HUDTutorial.defaults	-	-	-	-	-	-
TutorialImmobilizedProp	Boolean	False	-	-	-	-	-	-	-	-
TutorialInvulnerableProp	Boolean	False	-	-	-	-	-	-	-	-
TutorialPowerLockProp	Boolean	False	-	-	-	-	-	-	-	-
UIItemDisplayStateProp	Integer	0	-	-	-	-	-	-	-	-
UINewItemsInSlotProp	Integer	0	Integer	0	-	-	-	-	-	-
UICraftingIngredientSlotEntityIdProp	EntityId	0	Integer	0	-	-	-	-	-	-
UICraftingRecipeEntityIdProp	EntityId	0	-	-	-	-	-	-	-	-
UICursorSelectedEntityIdProp	EntityId	0	-	-	-	-	-	-	-	-
UICursorSelectedPrototypeIdProp	Prototype	0	-	-	-	-	-	-	-	-
UICursorHoverSlotOwnerIdProp	EntityId	0	-	-	-	-	-	-	-	-
UICursorHoverSlotProtoIdProp	Prototype	0	-	-	-	-	-	-	-	-
UICursorHoverSlotIndexProp	Integer	0	-	-	-	-	-	-	-	-
UIFocusAvatarProp	EntityId	0	-	-	-	-	-	-	-	-
UIFocusTeamUpProp	EntityId	0	-	-	-	-	-	-	-	-
UIFocusControllerIndexProp	Integer	0	-	-	-	-	-	-	-	-
UnaffectableProp	Boolean	False	-	-	-	-	-	-	-	-
UntargetableProp	Boolean	False	-	-	-	-	-	-	-	-
UpdateTargetPosDelayMSProp	Time	0	-	-	-	-	-	-	-	-
VanityTitleUnlockedProp	Boolean	False	Entity/Characters/Avatars/VanityTitles/VanityTitle.blueprint	Entity/Characters/Avatars/VanityTitles/NoTitle.prototype	-	-	-	-	-	-
VaporizedProp	Boolean	False	-	-	-	-	-	-	-	-
VaporizeSellPriceMultiplierProp	Real	0.01f	-	-	-	-	-	-	-	-
VariableActivationTimeMSProp	Time	0	-	-	-	-	-	-	-	-
VariableActivationTimePctProp	Real	0f	-	-	-	-	-	-	-	-
VariationSeedProp	Integer	0	-	-	-	-	-	-	-	-
VendorLastRefreshPctEngAfterProp	Real	0f	Entity/Characters/Vendors/VendorType.blueprint	Entity/Characters/Vendors/VendorType.defaults	-	-	-	-	-	-
VendorLastRefreshTimeProp	Time	0	Entity/Characters/Vendors/VendorType.blueprint	Entity/Characters/Vendors/VendorType.defaults	-	-	-	-	-	-
VendorLevelProp	Integer	0	Entity/Characters/Vendors/VendorType.blueprint	Entity/Characters/Vendors/VendorType.defaults	-	-	-	-	-	-
VendorRollAvatarProp	Prototype	0	Entity/Characters/Vendors/VendorType.blueprint	Entity/Characters/Vendors/VendorType.defaults	-	-	-	-	-	-
VendorRollLevelProp	Integer	1	Entity/Characters/Vendors/VendorType.blueprint	Entity/Characters/Vendors/VendorType.defaults	-	-	-	-	-	-
VendorRollSeedProp	Integer	0	Entity/Characters/Vendors/VendorType.blueprint	Entity/Characters/Vendors/VendorType.defaults	-	-	-	-	-	-
VendorRollTableLevelProp	Integer	1	Entity/Characters/Vendors/VendorType.blueprint	Entity/Characters/Vendors/VendorType.defaults	-	-	-	-	-	-
VendorTypeProp	Prototype	0	-	-	-	-	-	-	-	-
VendorXPProp	Integer	0	Entity/Characters/Vendors/VendorType.blueprint	Entity/Characters/Vendors/VendorType.defaults	-	-	-	-	-	-
VendorXPCapCounterProp	Integer	0	Entity/Characters/Vendors/VendorType.blueprint	Entity/Characters/Vendors/VendorType.defaults	-	-	-	-	-	-
VendorXPCapRollOverTimeProp	Time	0	Entity/Characters/Vendors/VendorType.blueprint	Entity/Characters/Vendors/VendorType.defaults	-	-	-	-	-	-
VisibleProp	Boolean	True	-	-	-	-	-	-	-	-
WeaponMissingProp	Boolean	False	-	-	-	-	-	-	-	-
WaypointProp	Boolean	False	Waypoints/Waypoint.blueprint	Waypoints/Waypoint.defaults	-	-	-	-	-	-
WaypointHotspotUnlockProp	Prototype	0	-	-	-	-	-	-	-	-
XPAwardRequiredDbGuidProp	Guid	0	Entity/Characters/Avatars/Avatar.blueprint	Entity/Characters/Avatars/Avatar.defaults	-	-	-	-	-	-
XPTransferProp	Boolean	False	-	-	-	-	-	-	-	-
XPTransferToIDProp	EntityId	0	-	-	-	-	-	-	-	-
UISystemLockProp	Integer	0	UI/SystemLock/UISystemLock.blueprint	UI/SystemLock/UISystemLock.defaults	-	-	-	-	-	-
InterruptRatingDefenseProp	Real	0f	-	-	-	-	-	-	-	-
CritChanceReductionPctProp	Real	0f	-	-	-	-	-	-	-	-
LootBonusBIFStackCountProp	Integer	0	-	-	-	-	-	-	-	-
InterruptRatingPowerBonusKeywordProp	Real	0f	Powers/Blueprints/PowerKeyword.blueprint	Powers/Blueprints/PowerKeyword.defaults	-	-	-	-	-	-
TestPropProp	Integer	0	-	-	-	-	-	-	-	-
EvalLoopVarIntProp	Integer	0	Integer	0	-	-	-	-	-	-
TeamUpItemRegisterFloatProp	Real	0f	Integer	0	-	-	-	-	-	-
InterruptRatingPowerProp	Real	0f	-	-	-	-	-	-	-	-
SuperCritChanceReductionPctProp	Real	0f	-	-	-	-	-	-	-	-
PowerStackCountRegisterFloatProp	Real	0f	-	-	-	-	-	-	-	-
XPBonusStackCountProp	Integer	0	-	-	-	-	-	-	-	-
MindPointsSpentRegisterIntProp	Integer	0	-	-	-	-	-	-	-	-
DamageChgPowerPctTargProp	Real	0f	Powers/Blueprints/Power.blueprint	Powers/Blueprints/Power.defaults	-	-	-	-	-	-
DamageBonusArmorProp	Real	0f	-	-	-	-	-	-	-	-
DamagePctObscuredToPlayersProp	Real	0f	-	-	-	-	-	-	-	-
LootBonusComboBarStackCountProp	Integer	0	-	-	-	-	-	-	-	-
UserStanceEvalRegisterFloatProp	Real	0f	-	-	-	-	-	-	-	-
ResistancePercentageChangeProp	Real	0f	-	-	-	-	-	-	-	-
HealthAddBonusHardcoreProp	Integer	0	-	-	-	-	-	-	-	-
ItemDefenseMultiplierProp	Real	1f	-	-	-	-	-	-	-	-
IsDefenderPvPProp	Integer	0	-	-	-	-	-	-	-	-
AIResurrectsDeadProp	Boolean	False	-	-	-	-	-	-	-	-
MedkitHealBonusProp	Real	0f	-	-	-	-	-	-	-	-
EvalRegisterAssetProp	Asset	0	Integer	0	-	-	-	-	-	-
EvalRegisterBoolProp	Boolean	False	Integer	0	-	-	-	-	-	-
InterpolateRotatioSpeedProp	Boolean	False	-	-	-	-	-	-	-	-
CharmedProp	Boolean	False	-	-	-	-	-	-	-	-
SendOrbToPowerUserProp	Prototype	0	-	-	-	-	-	-	-	-
ConditionPowerCountProp	Integer	0	Powers/Blueprints/ConditionPowers/NegStatusUsableCondPower.blueprint	Powers/PvPPowers/ShopPowers/PvPShopAttackSpeedBuffPower.prototype	-	-	-	-	-	-
